<?xml version="1.0" encoding="utf-8"?>
<component size="88,20" extention="Button">
  <controller name="button" pages="0,up,1,down,2,over,3,selectedOver" selected="1"/>
  <displayList>
    <image id="n0" name="n0" src="jmop13" xy="0,0" size="88,20">
      <gearDisplay controller="button" pages="2"/>
      <relation target="" sidePair="width-width,height-height"/>
    </image>
    <image id="n1" name="n1" src="jmop14" xy="0,0" size="88,20" aspect="true">
      <gearDisplay controller="button" pages="1,3"/>
      <relation target="" sidePair="width-width,height-height"/>
    </image>
    <text id="n2" name="title" xy="21,0" size="67,20" fontSize="12" color="#ffffff" vAlign="middle" autoSize="none" singleLine="true" text="">
      <relation target="" sidePair="width-width,height-height"/>
      <gearColor controller="button" pages="0,1,2,3" values="-|#ffffff|-|#ffffff" default="#bdbdbd"/>
    </text>
    <loader id="n3" name="icon" xy="0,0" size="20,20" align="center" vAlign="middle"/>
  </displayList>
  <Button mode="Radio"/>
</component>