<?xml version="1.0" encoding="utf-8"?>
<component size="105,20" extention="Button">
  <controller name="button" pages="0,up,1,down,2,over,3,selectedOver,4,disabled,5,selectedDisabled" selected="5"/>
  <displayList>
    <image id="n0" name="n0" src="jmop13" xy="0,0" size="105,20">
      <gearDisplay controller="button" pages="2"/>
      <relation target="" sidePair="width-width,height-height"/>
    </image>
    <image id="n1" name="n1" src="jmop14" xy="0,0" size="105,20" aspect="true">
      <gearDisplay controller="button" pages="1,3"/>
      <relation target="" sidePair="width-width,height-height"/>
    </image>
    <text id="n2" name="title" xy="2,0" size="103,20" fontSize="12" color="#333333" vAlign="middle" autoSize="none" singleLine="true" text="">
      <relation target="" sidePair="width-width,height-height"/>
      <gearColor controller="button" pages="0,1,2,3,4,5" values="-|#ffffff|-|#ffffff|#333333|#333333" default="#bdbdbd"/>
    </text>
  </displayList>
  <Button mode="Radio"/>
</component>