<?xml version="1.0" encoding="utf-8"?>
<component size="353,142" extention="Label" initName="frame">
  <displayList>
    <image id="n0" name="n0" src="jmopv" xy="-4,-4" size="359,149" locked="true">
      <relation target="" sidePair="width-width,height-height"/>
    </image>
    <graph id="n2" name="dragArea" xy="0,1" size="346,22">
      <relation target="" sidePair="width-width"/>
    </graph>
    <text id="n3" name="title" xy="5,3" size="342,18" fontSize="12" align="center" vAlign="middle" autoSize="none" text="">
      <relation target="" sidePair="width-width"/>
    </text>
    <graph id="n4" name="contentArea" xy="4,24" size="345,114">
      <relation target="" sidePair="width-width,height-height"/>
    </graph>
  </displayList>
</component>