<?xml version="1.0" encoding="utf-8"?>
<component size="60,20" extention="Label">
  <controller name="c1" pages="0,,1," selected="0"/>
  <controller name="grayed" pages="0,,1," selected="1"/>
  <displayList>
    <image id="n0" name="n0" src="jmops" xy="0,0" size="60,20">
      <gearDisplay controller="grayed" pages="0"/>
      <relation target="" sidePair="width-width,height-height"/>
    </image>
    <image id="n4" name="n4" src="jmopt" xy="0,0" size="60,20">
      <gearDisplay controller="grayed" pages="1"/>
      <relation target="" sidePair="width-width,height-height"/>
    </image>
    <graph id="n3" name="holder" xy="0,0" size="60,20" type="rect" lineSize="0" fillColor="#00ffffff">
      <relation target="" sidePair="width-width,height-height"/>
    </graph>
    <text id="n1" name="title" xy="1,1" size="58,18" input="true" fontSize="12" color="#787b7b" vAlign="middle" autoSize="none" singleLine="true" text="">
      <relation target="" sidePair="width-width,height-height"/>
      <gearColor controller="grayed" pages="1" values="#787b7b" default="#bdbdbd"/>
    </text>
  </displayList>
</component>