<?xml version="1.0" encoding="utf-8"?>
<component size="81,20" extention="Button">
  <controller name="button" pages="0,up,1,down,2,over,3,selectedOver" selected="1"/>
  <displayList>
    <image id="n1" name="n1" src="jmop28" xy="0,0">
      <relation target="" sidePair="width-width,height-height"/>
    </image>
    <text id="n2" name="title" xy="21,0" size="56,20" fontSize="12" color="#bdbdbd" vAlign="middle" autoSize="none" singleLine="true" text="">
      <relation target="" sidePair="width-width,height-height"/>
    </text>
    <image id="n3" name="n3" src="jmop29" xy="6,6">
      <gearDisplay controller="button" pages="0,2"/>
      <relation target="" sidePair="middle-middle"/>
    </image>
    <image id="n4" name="n4" src="jmop2a" xy="7,4">
      <gearDisplay controller="button" pages="1,3"/>
      <relation target="" sidePair="middle-middle"/>
    </image>
  </displayList>
  <Button mode="Check"/>
</component>