<?xml version="1.0" encoding="utf-8"?>
<component size="27,19" extention="Button">
  <controller name="button" pages="0,up,1,down,2,over,3,selectedOver" selected="0"/>
  <displayList>
    <image id="n1" name="n1" src="jmop1e" xy="0,3" aspect="true">
      <gearDisplay controller="button" pages="0,1"/>
    </image>
    <image id="n3" name="n3" src="jmop1d" xy="0,3" aspect="true">
      <gearDisplay controller="button" pages="2,3"/>
    </image>
    <image id="n2" name="n2" src="jmop1c" xy="4,7" aspect="true">
      <gearDisplay controller="button" pages="1,3"/>
    </image>
    <text id="n5" name="title" xy="15,1" size="10,18" fontSize="12" color="#bdbdbd" singleLine="true" text=""/>
  </displayList>
  <Button mode="Radio"/>
  <relation target="n5" sidePair="width-width"/>
</component>