<?xml version="1.0" encoding="utf-8"?>
<component size="31,25" extention="Button">
  <controller name="button" pages="0,up,1,down,2,over,3,selectedOver" selected="0"/>
  <controller name="grayed" pages="0,,1," selected="0"/>
  <displayList>
    <image id="n1" name="n1" src="jmop1" xy="0,0" size="31,25" aspect="true">
      <gearDisplay controller="button" pages="0"/>
      <relation target="" sidePair="width-width,height-height"/>
      <gearColor controller="grayed" pages="0,1" values="-|#efefef" default="#ffffff"/>
    </image>
    <image id="n2" name="n2" src="jmop2" xy="0,0" size="31,25" aspect="true">
      <gearDisplay controller="button" pages="1,3"/>
      <relation target="" sidePair="width-width,height-height"/>
    </image>
    <image id="n3" name="n3" src="jmop3" xy="0,0" size="31,25" aspect="true">
      <gearDisplay controller="button" pages="2"/>
      <relation target="" sidePair="width-width,height-height"/>
    </image>
    <text id="n4" name="title" xy="10,4" size="10,16" fontSize="12" color="#bdbdbd" text="">
      <relation target="" sidePair="height-height"/>
      <gearColor controller="grayed" pages="0,1" values="#bdbdbd|#999999" default="#000000"/>
    </text>
  </displayList>
  <Button/>
  <relation target="n4" sidePair="width-width"/>
</component>