<?xml version="1.0" encoding="utf-8"?>
<component size="55,22" extention="Button">
  <controller name="button" pages="0,up,1,down,2,over,3,selectedOver" selected="0"/>
  <displayList>
    <image id="n5" name="n5" src="jmop24" xy="0,0" size="55,22">
      <gearDisplay controller="button" pages="1,3"/>
      <relation target="" sidePair="height-height,width-width"/>
    </image>
    <image id="n4" name="n4" src="jmop25" xy="0,0" size="55,22">
      <gearDisplay controller="button" pages="0,2"/>
      <relation target="" sidePair="height-height,width-width"/>
    </image>
    <text id="n2" name="title" xy="25,3" size="10,16" fontSize="12" color="#bdbdbd" vAlign="middle" text="">
      <relation target="" sidePair=""/>
      <gearColor controller="button" pages="0,1,2,3" values="#bdbdbd|#ffffff|-|#ffffff" default="#bdbdbd"/>
    </text>
    <component id="n3" name="closeButton" src="jmop34" xy="34,1">
      <gearDisplay controller="button" pages="1,2,3"/>
      <relation target="" sidePair="right-right"/>
    </component>
    <loader id="n6" name="icon" xy="1,1" size="20,20" align="center" vAlign="middle"/>
  </displayList>
  <Button mode="Radio"/>
  <relation target="n2" sidePair="width-width"/>
</component>