<?xml version="1.0" encoding="utf-8"?>
<component size="53,25" extention="Button">
  <controller name="button" pages="0,up,1,down,2,over,3,selectedOver" selected="0"/>
  <displayList>
    <image id="n5" name="n5" src="jmop27" xy="0,0" size="53,25">
      <gearDisplay controller="button" pages="1,3"/>
      <relation target="" sidePair="height-height,width-width"/>
    </image>
    <image id="n4" name="n4" src="jmop26" xy="0,0" size="53,25">
      <gearDisplay controller="button" pages="0,2"/>
      <relation target="" sidePair="height-height,width-width"/>
    </image>
    <text id="n2" name="title" xy="23,5" size="10,16" fontSize="12" color="#959595" vAlign="middle" text="">
      <gearColor controller="button" pages="0,1,3" values="#959595,#000000|#ffffff,#000000|#ffffff,#000000" default="#bdbdbd,#000000"/>
    </text>
    <component id="n3" name="closeButton" src="jmop34" xy="32,3">
      <gearDisplay controller="button" pages="1,2,3"/>
      <relation target="" sidePair="right-right"/>
    </component>
    <loader id="n6" name="icon" xy="1,3" size="20,20" align="center" vAlign="middle" color="#b4b4b4">
      <gearColor controller="button" pages="0,2" values="#b4b4b4|#b4b4b4" default="#ffffff"/>
    </loader>
  </displayList>
  <Button mode="Radio"/>
  <relation target="n2" sidePair="width-width"/>
</component>