<?xml version="1.0" encoding="utf-8"?>
<component size="20,22" extention="Button">
  <controller name="button" pages="0,up,1,down,2,over,3,selectedOver" selected="0"/>
  <displayList>
    <image id="n4" name="n4" src="jmop25" xy="0,0" size="20,22">
      <gearDisplay controller="button" pages="0,2"/>
      <relation target="" sidePair="height-height,width-width"/>
    </image>
    <image id="n5" name="n5" src="jmop24" xy="0,0" size="20,22">
      <gearDisplay controller="button" pages="1,3"/>
      <relation target="" sidePair="height-height,width-width"/>
    </image>
    <text id="n2" name="title" xy="5,3" size="10,16" fontSize="12" color="#bdbdbd" vAlign="middle" singleLine="true" text="">
      <gearColor controller="button" pages="0,1,2,3" values="#bdbdbd,#000000|#ffffff,#000000|#bdbdbd,#000000|#ffffff,#000000"/>
    </text>
  </displayList>
  <Button mode="Radio"/>
  <relation target="n2" sidePair="width-width"/>
</component>