<?xml version="1.0" encoding="utf-8"?>
<component size="13,15" extention="Button">
  <controller name="button" pages="0,up,1,down,2,over,3,selectedOver" selected="2"/>
  <displayList>
    <image id="n1" name="n1" src="jmop1h" xy="0,0">
      <gearDisplay controller="button" pages="0"/>
    </image>
    <image id="n2" name="n2" src="jmop1i" xy="0,0">
      <gearDisplay controller="button" pages="1,3"/>
    </image>
    <image id="n3" name="n3" src="jmop1j" xy="0,0" aspect="true">
      <gearDisplay controller="button" pages="2"/>
    </image>
  </displayList>
  <Button/>
</component>