﻿{
  "1000": {
    "id": 1000,
    "text": "'"
  },
  "1001": {
    "id": 1001,
    "text": "*"
  },
  "1002": {
    "id": 1002,
    "text": "`"
  },
  "1003": {
    "id": 1003,
    "text": "/"
  },
  "1004": {
    "id": 1004,
    "text": "\\"
  },
  "1005": {
    "id": 1005,
    "text": "["
  },
  "1006": {
    "id": 1006,
    "text": "]"
  },
  "1007": {
    "id": 1007,
    "text": "【"
  },
  "1008": {
    "id": 1008,
    "text": "】"
  },
  "1009": {
    "id": 1009,
    "text": "|"
  },
  "1010": {
    "id": 1010,
    "text": "<"
  },
  "1011": {
    "id": 1011,
    "text": ">"
  },
  "1012": {
    "id": 1012,
    "text": "shit"
  },
  "1013": {
    "id": 1013,
    "text": "fuck"
  },
  "1014": {
    "id": 1014,
    "text": "moron"
  },
  "1015": {
    "id": 1015,
    "text": "whore"
  },
  "1016": {
    "id": 1016,
    "text": "prostitute"
  },
  "1017": {
    "id": 1017,
    "text": "bastard"
  },
  "1018": {
    "id": 1018,
    "text": "bitch"
  },
  "1019": {
    "id": 1019,
    "text": "fucker"
  },
  "1020": {
    "id": 1020,
    "text": "gm"
  },
  "1021": {
    "id": 1021,
    "text": "g.m"
  },
  "1022": {
    "id": 1022,
    "text": "g,m"
  },
  "1023": {
    "id": 1023,
    "text": "g^m"
  },
  "1024": {
    "id": 1024,
    "text": "g~m"
  },
  "1025": {
    "id": 1025,
    "text": "g`m"
  },
  "1026": {
    "id": 1026,
    "text": "g*m"
  },
  "1027": {
    "id": 1027,
    "text": "g&m"
  },
  "1028": {
    "id": 1028,
    "text": "g1m"
  },
  "1029": {
    "id": 1029,
    "text": "g2m"
  },
  "1030": {
    "id": 1030,
    "text": "g3m"
  },
  "1031": {
    "id": 1031,
    "text": "g#m"
  },
  "1032": {
    "id": 1032,
    "text": "g%m"
  },
  "1033": {
    "id": 1033,
    "text": "g=m"
  },
  "1034": {
    "id": 1034,
    "text": "g-m"
  },
  "1035": {
    "id": 1035,
    "text": "g_m"
  },
  "1036": {
    "id": 1036,
    "text": "g\\m"
  },
  "1037": {
    "id": 1037,
    "text": "g|m"
  },
  "1038": {
    "id": 1038,
    "text": "g+m"
  },
  "1039": {
    "id": 1039,
    "text": "g/m"
  },
  "1040": {
    "id": 1040,
    "text": "g>m"
  },
  "1041": {
    "id": 1041,
    "text": "g<m"
  },
  "1042": {
    "id": 1042,
    "text": "wl"
  },
  "1043": {
    "id": 1043,
    "text": "gzm"
  },
  "1044": {
    "id": 1044,
    "text": "gqm"
  },
  "1045": {
    "id": 1045,
    "text": "ghm"
  },
  "1046": {
    "id": 1046,
    "text": "※"
  },
  "1047": {
    "id": 1047,
    "text": "▁"
  },
  "1048": {
    "id": 1048,
    "text": "▂"
  },
  "1049": {
    "id": 1049,
    "text": "▃"
  },
  "1050": {
    "id": 1050,
    "text": "▄"
  },
  "1051": {
    "id": 1051,
    "text": "▅"
  },
  "1052": {
    "id": 1052,
    "text": "▆"
  },
  "1053": {
    "id": 1053,
    "text": "▇"
  },
  "1054": {
    "id": 1054,
    "text": "█"
  },
  "1055": {
    "id": 1055,
    "text": "▉"
  },
  "1056": {
    "id": 1056,
    "text": "▊"
  },
  "1057": {
    "id": 1057,
    "text": "▋"
  },
  "1058": {
    "id": 1058,
    "text": "▌"
  },
  "1059": {
    "id": 1059,
    "text": "▍"
  },
  "1060": {
    "id": 1060,
    "text": "▎"
  },
  "1061": {
    "id": 1061,
    "text": "▓"
  },
  "1062": {
    "id": 1062,
    "text": "■"
  },
  "1063": {
    "id": 1063,
    "text": "□"
  },
  "1064": {
    "id": 1064,
    "text": "▲"
  },
  "1065": {
    "id": 1065,
    "text": "△"
  },
  "1066": {
    "id": 1066,
    "text": "▼"
  },
  "1067": {
    "id": 1067,
    "text": "▽"
  },
  "1068": {
    "id": 1068,
    "text": "◆"
  },
  "1069": {
    "id": 1069,
    "text": "◇"
  },
  "1070": {
    "id": 1070,
    "text": "○"
  },
  "1071": {
    "id": 1071,
    "text": "◎"
  },
  "1072": {
    "id": 1072,
    "text": "●"
  },
  "1073": {
    "id": 1073,
    "text": "◢"
  },
  "1074": {
    "id": 1074,
    "text": "◣"
  },
  "1075": {
    "id": 1075,
    "text": "◤"
  },
  "1076": {
    "id": 1076,
    "text": "◥"
  },
  "1077": {
    "id": 1077,
    "text": "★"
  },
  "1078": {
    "id": 1078,
    "text": "☆"
  },
  "1079": {
    "id": 1079,
    "text": "⊙"
  },
  "1080": {
    "id": 1080,
    "text": "♀"
  },
  "1081": {
    "id": 1081,
    "text": "⊕"
  },
  "1082": {
    "id": 1082,
    "text": "♂"
  },
  "1083": {
    "id": 1083,
    "text": "〃"
  },
  "1084": {
    "id": 1084,
    "text": "〒"
  },
  "1085": {
    "id": 1085,
    "text": "〝"
  },
  "1086": {
    "id": 1086,
    "text": "〞"
  },
  "1087": {
    "id": 1087,
    "text": "〡"
  },
  "1088": {
    "id": 1088,
    "text": "〢"
  },
  "1089": {
    "id": 1089,
    "text": "〣"
  },
  "1090": {
    "id": 1090,
    "text": "〤"
  },
  "1091": {
    "id": 1091,
    "text": "〥"
  },
  "1092": {
    "id": 1092,
    "text": "〦"
  },
  "1093": {
    "id": 1093,
    "text": "〧"
  },
  "1094": {
    "id": 1094,
    "text": "〨"
  },
  "1095": {
    "id": 1095,
    "text": "﹋"
  },
  "1096": {
    "id": 1096,
    "text": "&"
  },
  "1097": {
    "id": 1097,
    "text": "~"
  },
  "1098": {
    "id": 1098,
    "text": "￠"
  },
  "1099": {
    "id": 1099,
    "text": "￡"
  },
  "1100": {
    "id": 1100,
    "text": "￥"
  },
  "1101": {
    "id": 1101,
    "text": "§"
  },
  "1102": {
    "id": 1102,
    "text": "°"
  },
  "1103": {
    "id": 1103,
    "text": "±"
  },
  "1104": {
    "id": 1104,
    "text": "μ"
  },
  "1105": {
    "id": 1105,
    "text": "?"
  },
  "1106": {
    "id": 1106,
    "text": "ˉ"
  },
  "1107": {
    "id": 1107,
    "text": "γ"
  },
  "1108": {
    "id": 1108,
    "text": "δ"
  },
  "1109": {
    "id": 1109,
    "text": "θ"
  },
  "1110": {
    "id": 1110,
    "text": "λ"
  },
  "1111": {
    "id": 1111,
    "text": "ξ"
  },
  "1112": {
    "id": 1112,
    "text": "σ"
  },
  "1113": {
    "id": 1113,
    "text": "υ"
  },
  "1114": {
    "id": 1114,
    "text": "φ"
  },
  "1115": {
    "id": 1115,
    "text": "ψ"
  },
  "1116": {
    "id": 1116,
    "text": "ω"
  },
  "1117": {
    "id": 1117,
    "text": "α"
  },
  "1118": {
    "id": 1118,
    "text": "β"
  },
  "1119": {
    "id": 1119,
    "text": "γ"
  },
  "1120": {
    "id": 1120,
    "text": "δ"
  },
  "1121": {
    "id": 1121,
    "text": "ε"
  },
  "1122": {
    "id": 1122,
    "text": "ζ"
  },
  "1123": {
    "id": 1123,
    "text": "η"
  },
  "1124": {
    "id": 1124,
    "text": "θ"
  },
  "1125": {
    "id": 1125,
    "text": "ι"
  },
  "1126": {
    "id": 1126,
    "text": "κ"
  },
  "1127": {
    "id": 1127,
    "text": "λ"
  },
  "1128": {
    "id": 1128,
    "text": "μ"
  },
  "1129": {
    "id": 1129,
    "text": "ν"
  },
  "1130": {
    "id": 1130,
    "text": "ξ"
  },
  "1131": {
    "id": 1131,
    "text": "ο"
  },
  "1132": {
    "id": 1132,
    "text": "π"
  },
  "1133": {
    "id": 1133,
    "text": "ρ"
  },
  "1134": {
    "id": 1134,
    "text": "σ"
  },
  "1135": {
    "id": 1135,
    "text": "τ"
  },
  "1136": {
    "id": 1136,
    "text": "υ"
  },
  "1137": {
    "id": 1137,
    "text": "φ"
  },
  "1138": {
    "id": 1138,
    "text": "χ"
  },
  "1139": {
    "id": 1139,
    "text": "ψ"
  },
  "1140": {
    "id": 1140,
    "text": "ω"
  },
  "1141": {
    "id": 1141,
    "text": "∥"
  },
  "1142": {
    "id": 1142,
    "text": "′"
  },
  "1143": {
    "id": 1143,
    "text": "〃"
  },
  "1144": {
    "id": 1144,
    "text": "‵"
  },
  "1145": {
    "id": 1145,
    "text": "€"
  },
  "1146": {
    "id": 1146,
    "text": "℃"
  },
  "1147": {
    "id": 1147,
    "text": "℅"
  },
  "1148": {
    "id": 1148,
    "text": "℉"
  },
  "1149": {
    "id": 1149,
    "text": "°"
  },
  "1150": {
    "id": 1150,
    "text": "√"
  },
  "1151": {
    "id": 1151,
    "text": "∞"
  },
  "1152": {
    "id": 1152,
    "text": "∟"
  },
  "1153": {
    "id": 1153,
    "text": "∠"
  },
  "1154": {
    "id": 1154,
    "text": "∥"
  },
  "1155": {
    "id": 1155,
    "text": "∩"
  },
  "1156": {
    "id": 1156,
    "text": "∪"
  },
  "1157": {
    "id": 1157,
    "text": "∫"
  },
  "1158": {
    "id": 1158,
    "text": "∮"
  },
  "1159": {
    "id": 1159,
    "text": "∴"
  },
  "1160": {
    "id": 1160,
    "text": "∵"
  },
  "1161": {
    "id": 1161,
    "text": "≒"
  },
  "1162": {
    "id": 1162,
    "text": "≠"
  },
  "1163": {
    "id": 1163,
    "text": "≡"
  },
  "1164": {
    "id": 1164,
    "text": "≡"
  },
  "1165": {
    "id": 1165,
    "text": "≧"
  },
  "1166": {
    "id": 1166,
    "text": "≦"
  },
  "1167": {
    "id": 1167,
    "text": "⊕"
  },
  "1168": {
    "id": 1168,
    "text": "⊙"
  },
  "1169": {
    "id": 1169,
    "text": "⊥"
  },
  "1170": {
    "id": 1170,
    "text": "⊿"
  },
  "1171": {
    "id": 1171,
    "text": "︴"
  },
  "1172": {
    "id": 1172,
    "text": "├"
  },
  "1173": {
    "id": 1173,
    "text": "┤"
  },
  "1174": {
    "id": 1174,
    "text": "┬"
  },
  "1175": {
    "id": 1175,
    "text": "┴"
  },
  "1176": {
    "id": 1176,
    "text": "║"
  },
  "1177": {
    "id": 1177,
    "text": "╒"
  },
  "1178": {
    "id": 1178,
    "text": "╓"
  },
  "1179": {
    "id": 1179,
    "text": "╔"
  },
  "1180": {
    "id": 1180,
    "text": "╕"
  },
  "1181": {
    "id": 1181,
    "text": "╖"
  },
  "1182": {
    "id": 1182,
    "text": "╗"
  },
  "1183": {
    "id": 1183,
    "text": "╘"
  },
  "1184": {
    "id": 1184,
    "text": "╙"
  },
  "1185": {
    "id": 1185,
    "text": "╚"
  },
  "1186": {
    "id": 1186,
    "text": "╛"
  },
  "1187": {
    "id": 1187,
    "text": "╜"
  },
  "1188": {
    "id": 1188,
    "text": "╝"
  },
  "1189": {
    "id": 1189,
    "text": "╞"
  },
  "1190": {
    "id": 1190,
    "text": "╟"
  },
  "1191": {
    "id": 1191,
    "text": "╠"
  },
  "1192": {
    "id": 1192,
    "text": "╡"
  },
  "1193": {
    "id": 1193,
    "text": "╢"
  },
  "1194": {
    "id": 1194,
    "text": "╣"
  },
  "1195": {
    "id": 1195,
    "text": "╤"
  },
  "1196": {
    "id": 1196,
    "text": "╥"
  },
  "1197": {
    "id": 1197,
    "text": "╦"
  },
  "1198": {
    "id": 1198,
    "text": "╧"
  },
  "1199": {
    "id": 1199,
    "text": "╨"
  },
  "1200": {
    "id": 1200,
    "text": "╩"
  },
  "1201": {
    "id": 1201,
    "text": "╪"
  },
  "1202": {
    "id": 1202,
    "text": "╫"
  },
  "1203": {
    "id": 1203,
    "text": "╬"
  },
  "1204": {
    "id": 1204,
    "text": "╭"
  },
  "1205": {
    "id": 1205,
    "text": "╮"
  },
  "1206": {
    "id": 1206,
    "text": "╯"
  },
  "1207": {
    "id": 1207,
    "text": "╰"
  },
  "1208": {
    "id": 1208,
    "text": "╰"
  },
  "1209": {
    "id": 1209,
    "text": "㊣"
  },
  "1210": {
    "id": 1210,
    "text": "︴"
  },
  "1211": {
    "id": 1211,
    "text": "︵"
  },
  "1212": {
    "id": 1212,
    "text": "︶"
  },
  "1213": {
    "id": 1213,
    "text": "︷"
  },
  "1214": {
    "id": 1214,
    "text": "︸"
  },
  "1215": {
    "id": 1215,
    "text": "︹"
  },
  "1216": {
    "id": 1216,
    "text": "︺"
  },
  "1217": {
    "id": 1217,
    "text": "︻"
  },
  "1218": {
    "id": 1218,
    "text": "︼"
  },
  "1219": {
    "id": 1219,
    "text": "︽"
  },
  "1220": {
    "id": 1220,
    "text": "︾"
  },
  "1221": {
    "id": 1221,
    "text": "﹁"
  },
  "1222": {
    "id": 1222,
    "text": "﹂"
  },
  "1223": {
    "id": 1223,
    "text": "﹃"
  },
  "1224": {
    "id": 1224,
    "text": "﹄"
  },
  "1225": {
    "id": 1225,
    "text": "﹉"
  },
  "1226": {
    "id": 1226,
    "text": "﹊"
  },
  "1227": {
    "id": 1227,
    "text": "﹋"
  },
  "1228": {
    "id": 1228,
    "text": "﹌"
  },
  "1229": {
    "id": 1229,
    "text": "﹎"
  },
  "1230": {
    "id": 1230,
    "text": "﹏"
  },
  "1231": {
    "id": 1231,
    "text": "￠"
  },
  "1232": {
    "id": 1232,
    "text": "￡"
  },
  "1233": {
    "id": 1233,
    "text": "ｇｍ"
  },
  "1234": {
    "id": 1234,
    "text": "ｇ.ｍ"
  },
  "1235": {
    "id": 1235,
    "text": "ｇ,ｍ"
  },
  "1236": {
    "id": 1236,
    "text": "ｇ^ｍ"
  },
  "1237": {
    "id": 1237,
    "text": "ｇ~ｍ"
  },
  "1238": {
    "id": 1238,
    "text": "ｇ\\ｍ"
  },
  "1239": {
    "id": 1239,
    "text": "ｇ|ｍ"
  },
  "1240": {
    "id": 1240,
    "text": "ｇ&ｍ"
  },
  "1241": {
    "id": 1241,
    "text": "ｇ@ｍ"
  },
  "1242": {
    "id": 1242,
    "text": "ｇ#ｍ"
  },
  "1243": {
    "id": 1243,
    "text": "ｇ$ｍ"
  },
  "1244": {
    "id": 1244,
    "text": "ｇ%ｍ"
  },
  "1245": {
    "id": 1245,
    "text": "ｇ*ｍ"
  },
  "1246": {
    "id": 1246,
    "text": "ｇ(ｍ"
  },
  "1247": {
    "id": 1247,
    "text": "ｇ)ｍ"
  },
  "1248": {
    "id": 1248,
    "text": "ｇ1ｍ"
  },
  "1249": {
    "id": 1249,
    "text": "ｇ2ｍ"
  },
  "1250": {
    "id": 1250,
    "text": "ｇ3ｍ"
  },
  "1251": {
    "id": 1251,
    "text": "ｇ=ｍ"
  },
  "1252": {
    "id": 1252,
    "text": "ｇ_ｍ"
  },
  "1253": {
    "id": 1253,
    "text": "ｇ+ｍ"
  },
  "1254": {
    "id": 1254,
    "text": "ｇ<ｍ"
  },
  "1255": {
    "id": 1255,
    "text": "ｇ>ｍ"
  },
  "1256": {
    "id": 1256,
    "text": "ｇ/ｍ"
  },
  "1257": {
    "id": 1257,
    "text": "ｇ?ｍ"
  },
  "1258": {
    "id": 1258,
    "text": "ｇ4ｍ"
  },
  "1259": {
    "id": 1259,
    "text": "ｇ5ｍ"
  },
  "1260": {
    "id": 1260,
    "text": "ｇ6ｍ"
  },
  "1261": {
    "id": 1261,
    "text": "ｇ7ｍ"
  },
  "1262": {
    "id": 1262,
    "text": "ｇ8ｍ"
  },
  "1263": {
    "id": 1263,
    "text": "ｇ9ｍ"
  },
  "1264": {
    "id": 1264,
    "text": "ｇ0ｍ"
  },
  "1265": {
    "id": 1265,
    "text": "ｇ`ｍ"
  },
  "1266": {
    "id": 1266,
    "text": "ｇzｍ"
  },
  "1267": {
    "id": 1267,
    "text": "ｇqｍ"
  },
  "1268": {
    "id": 1268,
    "text": "ｇhｍ"
  },
  "1269": {
    "id": 1269,
    "text": "gm"
  },
  "1270": {
    "id": 1270,
    "text": "ｃｍ"
  },
  "1271": {
    "id": 1271,
    "text": "ｃ.ｍ"
  },
  "1272": {
    "id": 1272,
    "text": "ｃ,ｍ"
  },
  "1273": {
    "id": 1273,
    "text": "ｃ^ｍ"
  },
  "1274": {
    "id": 1274,
    "text": "ｃ~ｍ"
  },
  "1275": {
    "id": 1275,
    "text": "ｃ\\ｍ"
  },
  "1276": {
    "id": 1276,
    "text": "ｃ|ｍ"
  },
  "1277": {
    "id": 1277,
    "text": "ｃ&ｍ"
  },
  "1278": {
    "id": 1278,
    "text": "ｃ@ｍ"
  },
  "1279": {
    "id": 1279,
    "text": "ｃ#ｍ"
  },
  "1280": {
    "id": 1280,
    "text": "ｃ$ｍ"
  },
  "1281": {
    "id": 1281,
    "text": "ｃ%ｍ"
  },
  "1282": {
    "id": 1282,
    "text": "ｃ*ｍ"
  },
  "1283": {
    "id": 1283,
    "text": "ｃ(ｍ"
  },
  "1284": {
    "id": 1284,
    "text": "ｃ)ｍ"
  },
  "1285": {
    "id": 1285,
    "text": "ｃ1ｍ"
  },
  "1286": {
    "id": 1286,
    "text": "ｃ2ｍ"
  },
  "1287": {
    "id": 1287,
    "text": "ｃ3ｍ"
  },
  "1288": {
    "id": 1288,
    "text": "ｃ=ｍ"
  },
  "1289": {
    "id": 1289,
    "text": "ｃ_ｍ"
  },
  "1290": {
    "id": 1290,
    "text": "ｃ+ｍ"
  },
  "1291": {
    "id": 1291,
    "text": "ｃ<ｍ"
  },
  "1292": {
    "id": 1292,
    "text": "ｃ>ｍ"
  },
  "1293": {
    "id": 1293,
    "text": "ｃ/ｍ"
  },
  "1294": {
    "id": 1294,
    "text": "ｃ?ｍ"
  },
  "1295": {
    "id": 1295,
    "text": "ｃ4ｍ"
  },
  "1296": {
    "id": 1296,
    "text": "ｃ5ｍ"
  },
  "1297": {
    "id": 1297,
    "text": "ｃ6ｍ"
  },
  "1298": {
    "id": 1298,
    "text": "ｃ7ｍ"
  },
  "1299": {
    "id": 1299,
    "text": "ｃ8ｍ"
  },
  "1300": {
    "id": 1300,
    "text": "ｃ9ｍ"
  },
  "1301": {
    "id": 1301,
    "text": "ｃ0ｍ"
  },
  "1302": {
    "id": 1302,
    "text": "ｃ`ｍ"
  },
  "1303": {
    "id": 1303,
    "text": "ｃzｍ"
  },
  "1304": {
    "id": 1304,
    "text": "ｃqｍ"
  },
  "1305": {
    "id": 1305,
    "text": "ｃhｍ"
  },
  "1306": {
    "id": 1306,
    "text": "c^m"
  },
  "1307": {
    "id": 1307,
    "text": "c~m"
  },
  "1308": {
    "id": 1308,
    "text": "c`m"
  },
  "1309": {
    "id": 1309,
    "text": "c*m"
  },
  "1310": {
    "id": 1310,
    "text": "c&m"
  },
  "1311": {
    "id": 1311,
    "text": "c1m"
  },
  "1312": {
    "id": 1312,
    "text": "c2m"
  },
  "1313": {
    "id": 1313,
    "text": "c3m"
  },
  "1314": {
    "id": 1314,
    "text": "c#m"
  },
  "1315": {
    "id": 1315,
    "text": "c%m"
  },
  "1316": {
    "id": 1316,
    "text": "c=m"
  },
  "1317": {
    "id": 1317,
    "text": "c-m"
  },
  "1318": {
    "id": 1318,
    "text": "c_m"
  },
  "1319": {
    "id": 1319,
    "text": "c\\m"
  },
  "1320": {
    "id": 1320,
    "text": "c|m"
  },
  "1321": {
    "id": 1321,
    "text": "c+m"
  },
  "1322": {
    "id": 1322,
    "text": "c/m"
  },
  "1323": {
    "id": 1323,
    "text": "c>m"
  },
  "1324": {
    "id": 1324,
    "text": "c<m"
  },
  "1325": {
    "id": 1325,
    "text": "cm"
  },
  "1326": {
    "id": 1326,
    "text": "gay"
  },
  "1327": {
    "id": 1327,
    "text": "idiot"
  },
  "1328": {
    "id": 1328,
    "text": "noob"
  },
  "1329": {
    "id": 1329,
    "text": "fucking"
  },
  "1330": {
    "id": 1330,
    "text": "asshole"
  },
  "1331": {
    "id": 1331,
    "text": "faggot"
  },
  "1332": {
    "id": 1332,
    "text": "suck"
  },
  "1333": {
    "id": 1333,
    "text": "fuck"
  },
  "1334": {
    "id": 1334,
    "text": "bitch"
  },
  "1335": {
    "id": 1335,
    "text": "cunt"
  },
  "1336": {
    "id": 1336,
    "text": "dildo"
  },
  "1337": {
    "id": 1337,
    "text": "penis"
  },
  "1338": {
    "id": 1338,
    "text": "blow"
  },
  "1339": {
    "id": 1339,
    "text": "whore"
  },
  "1340": {
    "id": 1340,
    "text": "nigger"
  },
  "1341": {
    "id": 1341,
    "text": "nigga"
  },
  "1342": {
    "id": 1342,
    "text": "screw"
  },
  "1343": {
    "id": 1343,
    "text": "dick"
  },
  "1344": {
    "id": 1344,
    "text": "ass"
  },
  "1345": {
    "id": 1345,
    "text": "motherfucker"
  },
  "1346": {
    "id": 1346,
    "text": "wodgm"
  },
  "1347": {
    "id": 1347,
    "text": "gamemaster"
  },
  "1348": {
    "id": 1348,
    "text": "f-u-c-k"
  },
  "1349": {
    "id": 1349,
    "text": "gm-tutu"
  },
  "1350": {
    "id": 1350,
    "text": "gm-roger"
  },
  "1351": {
    "id": 1351,
    "text": "gm-ven"
  },
  "1352": {
    "id": 1352,
    "text": "gm-vivi"
  },
  "1353": {
    "id": 1353,
    "text": "gm-runa"
  },
  "1354": {
    "id": 1354,
    "text": "gm-sophie"
  },
  "1355": {
    "id": 1355,
    "text": "gm-007"
  },
  "1356": {
    "id": 1356,
    "text": "gm-karl"
  },
  "1357": {
    "id": 1357,
    "text": "gm-sino"
  },
  "1358": {
    "id": 1358,
    "text": "gm-sean"
  },
  "1359": {
    "id": 1359,
    "text": "tagalog"
  },
  "1360": {
    "id": 1360,
    "text": "tae"
  },
  "1361": {
    "id": 1361,
    "text": "kantot"
  },
  "1362": {
    "id": 1362,
    "text": "puki ng ina mo"
  },
  "1363": {
    "id": 1363,
    "text": "putang ina mo"
  },
  "1364": {
    "id": 1364,
    "text": "puta"
  },
  "1365": {
    "id": 1365,
    "text": "pokpok"
  },
  "1366": {
    "id": 1366,
    "text": "anak ka ng puta"
  },
  "1367": {
    "id": 1367,
    "text": "bakla/bading"
  },
  "1368": {
    "id": 1368,
    "text": "titi"
  },
  "1369": {
    "id": 1369,
    "text": "puke"
  },
  "1370": {
    "id": 1370,
    "text": "bilat sinimo"
  },
  "1371": {
    "id": 1371,
    "text": "tangina mo"
  },
  "1372": {
    "id": 1372,
    "text": "tang ina mo"
  },
  "1373": {
    "id": 1373,
    "text": "teana mo"
  },
  "1374": {
    "id": 1374,
    "text": "t@ng ina"
  },
  "1375": {
    "id": 1375,
    "text": "puki"
  },
  "1376": {
    "id": 1376,
    "text": "putanginamo"
  },
  "1377": {
    "id": 1377,
    "text": "pota"
  },
  "1378": {
    "id": 1378,
    "text": "binibrocha"
  },
  "1379": {
    "id": 1379,
    "text": "tamod"
  },
  "1380": {
    "id": 1380,
    "text": "magkantutan"
  },
  "1381": {
    "id": 1381,
    "text": "suso"
  },
  "1382": {
    "id": 1382,
    "text": "titi"
  },
  "1383": {
    "id": 1383,
    "text": "pakshet"
  },
  "1384": {
    "id": 1384,
    "text": "pokpok"
  },
  "1385": {
    "id": 1385,
    "text": "puke nang ina"
  },
  "1386": {
    "id": 1386,
    "text": "puta ka"
  },
  "1387": {
    "id": 1387,
    "text": "tanga"
  },
  "1388": {
    "id": 1388,
    "text": "gago"
  },
  "1389": {
    "id": 1389,
    "text": "tplceo"
  },
  "1390": {
    "id": 1390,
    "text": "www"
  },
  "1391": {
    "id": 1391,
    "text": "com"
  }
}