﻿{
  "1001": {
    "id": 1001,
    "name": "电影院",
    "function_open": "1",
    "tips": "电影院1级",
    "level": 1,
    "cost": "2:100;3:100",
    "level_req": 1,
    "building_req": "0",
    "block_req": 1,
    "UI": true,
    "effect_id": "100101"
  },
  "1002": {
    "id": 1002,
    "name": "电影院",
    "function_open": "1",
    "tips": "电影院2级",
    "level": 2,
    "cost": "2:100;3:100",
    "level_req": 1,
    "building_req": "1001",
    "block_req": 1,
    "UI": false,
    "effect_id": "100201"
  },
  "1003": {
    "id": 1003,
    "name": "电影院",
    "function_open": "1",
    "tips": "电影院3级",
    "level": 3,
    "cost": "2:100;3:100",
    "level_req": 1,
    "building_req": "1002",
    "block_req": 1,
    "UI": false,
    "effect_id": "100301"
  },
  "1004": {
    "id": 1004,
    "name": "电影院",
    "function_open": "1",
    "tips": "电影院4级",
    "level": 4,
    "cost": "2:100;3:100",
    "level_req": 10,
    "building_req": "1003",
    "block_req": 1,
    "UI": false,
    "effect_id": "100401"
  },
  "1005": {
    "id": 1005,
    "name": "电影院",
    "function_open": "1",
    "tips": "电影院5级",
    "level": 5,
    "cost": "2:100;3:100",
    "level_req": 10,
    "building_req": "1004",
    "block_req": 1,
    "UI": false,
    "effect_id": "100501"
  },
  "1006": {
    "id": 1006,
    "name": "电影院",
    "function_open": "1",
    "tips": "电影院6级",
    "level": 6,
    "cost": "2:100;3:100",
    "level_req": 10,
    "building_req": "1005",
    "block_req": 1,
    "UI": false,
    "effect_id": "100601"
  },
  "1007": {
    "id": 1007,
    "name": "电影院",
    "function_open": "1",
    "tips": "电影院7级",
    "level": 7,
    "cost": "2:100;3:100",
    "level_req": 20,
    "building_req": "1006",
    "block_req": 1,
    "UI": false,
    "effect_id": "100701"
  },
  "1008": {
    "id": 1008,
    "name": "电影院",
    "function_open": "1",
    "tips": "电影院8级",
    "level": 8,
    "cost": "2:100;3:100",
    "level_req": 20,
    "building_req": "1007",
    "block_req": 1,
    "UI": false,
    "effect_id": "100801"
  },
  "1009": {
    "id": 1009,
    "name": "电影院",
    "function_open": "1",
    "tips": "电影院9级",
    "level": 9,
    "cost": "2:100;3:100",
    "level_req": 20,
    "building_req": "1008",
    "block_req": 1,
    "UI": false,
    "effect_id": "100901"
  },
  "1010": {
    "id": 1010,
    "name": "电影院",
    "function_open": "1",
    "tips": "电影院10级",
    "level": 10,
    "cost": "2:100;3:100",
    "level_req": 40,
    "building_req": "1009",
    "block_req": 1,
    "UI": false,
    "effect_id": "101001"
  },
  "1011": {
    "id": 1011,
    "name": "电影院",
    "function_open": "1",
    "tips": "电影院11级",
    "level": 11,
    "cost": "2:100;3:100",
    "level_req": 40,
    "building_req": "1010",
    "block_req": 1,
    "UI": false,
    "effect_id": "101101"
  },
  "1012": {
    "id": 1012,
    "name": "电影院",
    "function_open": "1",
    "tips": "电影院12级",
    "level": 12,
    "cost": "2:100;3:100",
    "level_req": 40,
    "building_req": "1011",
    "block_req": 1,
    "UI": false,
    "effect_id": "101201"
  },
  "1013": {
    "id": 1013,
    "name": "电影院",
    "function_open": "1",
    "tips": "电影院13级",
    "level": 13,
    "cost": "2:100;3:100",
    "level_req": 60,
    "building_req": "1012",
    "block_req": 1,
    "UI": false,
    "effect_id": "101301"
  },
  "1014": {
    "id": 1014,
    "name": "电影院",
    "function_open": "1",
    "tips": "电影院14级",
    "level": 14,
    "cost": "2:100;3:100",
    "level_req": 60,
    "building_req": "1013",
    "block_req": 1,
    "UI": false,
    "effect_id": "101401"
  },
  "1015": {
    "id": 1015,
    "name": "电影院",
    "function_open": "1",
    "tips": "电影院15级",
    "level": 15,
    "cost": "2:100;3:100",
    "level_req": 60,
    "building_req": "1014",
    "block_req": 1,
    "UI": false,
    "effect_id": "101501"
  },
  "1016": {
    "id": 1016,
    "name": "电影院",
    "function_open": "1",
    "tips": "电影院16级",
    "level": 16,
    "cost": "2:100;3:100",
    "level_req": 80,
    "building_req": "1015",
    "block_req": 1,
    "UI": false,
    "effect_id": "101601"
  },
  "1017": {
    "id": 1017,
    "name": "电影院",
    "function_open": "1",
    "tips": "电影院17级",
    "level": 17,
    "cost": "2:100;3:100",
    "level_req": 80,
    "building_req": "1016",
    "block_req": 1,
    "UI": false,
    "effect_id": "101701"
  },
  "1018": {
    "id": 1018,
    "name": "电影院",
    "function_open": "1",
    "tips": "电影院18级",
    "level": 18,
    "cost": "2:100;3:100",
    "level_req": 80,
    "building_req": "1017",
    "block_req": 1,
    "UI": false,
    "effect_id": "101801"
  },
  "1019": {
    "id": 1019,
    "name": "电影院",
    "function_open": "1",
    "tips": "电影院19级",
    "level": 19,
    "cost": "2:100;3:100",
    "level_req": 100,
    "building_req": "1018",
    "block_req": 1,
    "UI": false,
    "effect_id": "101901"
  },
  "1020": {
    "id": 1020,
    "name": "电影院",
    "function_open": "1",
    "tips": "电影院20级",
    "level": 20,
    "cost": "2:100;3:100",
    "level_req": 100,
    "building_req": "1019",
    "block_req": 1,
    "UI": false,
    "effect_id": "102001"
  },
  "2001": {
    "id": 2001,
    "name": "摄影棚",
    "function_open": "2",
    "tips": "摄影棚1级",
    "level": 1,
    "cost": "2:100;3:100",
    "level_req": 1,
    "building_req": "2001",
    "block_req": 1,
    "UI": true,
    "effect_id": "200101"
  },
  "2002": {
    "id": 2002,
    "name": "摄影棚",
    "function_open": "2",
    "tips": "摄影棚2级",
    "level": 2,
    "cost": "2:100;3:100",
    "level_req": 1,
    "building_req": "2002",
    "block_req": 1,
    "UI": false,
    "effect_id": "200201"
  },
  "2003": {
    "id": 2003,
    "name": "摄影棚",
    "function_open": "2",
    "tips": "摄影棚3级",
    "level": 3,
    "cost": "2:100;3:100",
    "level_req": 1,
    "building_req": "2003",
    "block_req": 1,
    "UI": false,
    "effect_id": "200301"
  },
  "2004": {
    "id": 2004,
    "name": "摄影棚",
    "function_open": "2",
    "tips": "摄影棚4级",
    "level": 4,
    "cost": "2:100;3:100",
    "level_req": 10,
    "building_req": "2004",
    "block_req": 1,
    "UI": false,
    "effect_id": "200401"
  },
  "2005": {
    "id": 2005,
    "name": "摄影棚",
    "function_open": "2",
    "tips": "摄影棚5级",
    "level": 5,
    "cost": "2:100;3:100",
    "level_req": 10,
    "building_req": "2005",
    "block_req": 1,
    "UI": false,
    "effect_id": "200501"
  },
  "2006": {
    "id": 2006,
    "name": "摄影棚",
    "function_open": "2",
    "tips": "摄影棚6级",
    "level": 6,
    "cost": "2:100;3:100",
    "level_req": 10,
    "building_req": "2006",
    "block_req": 1,
    "UI": false,
    "effect_id": "200601"
  },
  "2007": {
    "id": 2007,
    "name": "摄影棚",
    "function_open": "2",
    "tips": "摄影棚7级",
    "level": 7,
    "cost": "2:100;3:100",
    "level_req": 20,
    "building_req": "2007",
    "block_req": 1,
    "UI": false,
    "effect_id": "200701"
  },
  "2008": {
    "id": 2008,
    "name": "摄影棚",
    "function_open": "2",
    "tips": "摄影棚8级",
    "level": 8,
    "cost": "2:100;3:100",
    "level_req": 20,
    "building_req": "2008",
    "block_req": 1,
    "UI": false,
    "effect_id": "200801"
  },
  "2009": {
    "id": 2009,
    "name": "摄影棚",
    "function_open": "2",
    "tips": "摄影棚9级",
    "level": 9,
    "cost": "2:100;3:100",
    "level_req": 20,
    "building_req": "2009",
    "block_req": 1,
    "UI": false,
    "effect_id": "200901"
  },
  "2010": {
    "id": 2010,
    "name": "摄影棚",
    "function_open": "2",
    "tips": "摄影棚10级",
    "level": 10,
    "cost": "2:100;3:100",
    "level_req": 40,
    "building_req": "2010",
    "block_req": 1,
    "UI": false,
    "effect_id": "201001"
  },
  "2011": {
    "id": 2011,
    "name": "摄影棚",
    "function_open": "2",
    "tips": "摄影棚11级",
    "level": 11,
    "cost": "2:100;3:100",
    "level_req": 40,
    "building_req": "2011",
    "block_req": 1,
    "UI": false,
    "effect_id": "201101"
  },
  "2012": {
    "id": 2012,
    "name": "摄影棚",
    "function_open": "2",
    "tips": "摄影棚12级",
    "level": 12,
    "cost": "2:100;3:100",
    "level_req": 40,
    "building_req": "2012",
    "block_req": 1,
    "UI": false,
    "effect_id": "201201"
  },
  "2013": {
    "id": 2013,
    "name": "摄影棚",
    "function_open": "2",
    "tips": "摄影棚13级",
    "level": 13,
    "cost": "2:100;3:100",
    "level_req": 60,
    "building_req": "2013",
    "block_req": 1,
    "UI": false,
    "effect_id": "201301"
  },
  "2014": {
    "id": 2014,
    "name": "摄影棚",
    "function_open": "2",
    "tips": "摄影棚14级",
    "level": 14,
    "cost": "2:100;3:100",
    "level_req": 60,
    "building_req": "2014",
    "block_req": 1,
    "UI": false,
    "effect_id": "201401"
  },
  "2015": {
    "id": 2015,
    "name": "摄影棚",
    "function_open": "2",
    "tips": "摄影棚15级",
    "level": 15,
    "cost": "2:100;3:100",
    "level_req": 60,
    "building_req": "2015",
    "block_req": 1,
    "UI": false,
    "effect_id": "201501"
  },
  "2016": {
    "id": 2016,
    "name": "摄影棚",
    "function_open": "2",
    "tips": "摄影棚16级",
    "level": 16,
    "cost": "2:100;3:100",
    "level_req": 80,
    "building_req": "2016",
    "block_req": 1,
    "UI": false,
    "effect_id": "201601"
  },
  "2017": {
    "id": 2017,
    "name": "摄影棚",
    "function_open": "2",
    "tips": "摄影棚17级",
    "level": 17,
    "cost": "2:100;3:100",
    "level_req": 80,
    "building_req": "2017",
    "block_req": 1,
    "UI": false,
    "effect_id": "201701"
  },
  "2018": {
    "id": 2018,
    "name": "摄影棚",
    "function_open": "2",
    "tips": "摄影棚18级",
    "level": 18,
    "cost": "2:100;3:100",
    "level_req": 80,
    "building_req": "2018",
    "block_req": 1,
    "UI": false,
    "effect_id": "201801"
  },
  "2019": {
    "id": 2019,
    "name": "摄影棚",
    "function_open": "2",
    "tips": "摄影棚19级",
    "level": 19,
    "cost": "2:100;3:100",
    "level_req": 100,
    "building_req": "2019",
    "block_req": 1,
    "UI": false,
    "effect_id": "201901"
  },
  "2020": {
    "id": 2020,
    "name": "摄影棚",
    "function_open": "2",
    "tips": "摄影棚20级",
    "level": 20,
    "cost": "2:100;3:100",
    "level_req": 100,
    "building_req": "0",
    "block_req": 1,
    "UI": false,
    "effect_id": "202001"
  },
  "3001": {
    "id": 3001,
    "name": "艺人教室",
    "function_open": "3",
    "tips": "艺人教室1级",
    "level": 1,
    "cost": "2:100;3:100",
    "level_req": 1,
    "building_req": "0",
    "block_req": 1,
    "UI": true,
    "effect_id": "300101"
  },
  "3002": {
    "id": 3002,
    "name": "艺人教室",
    "function_open": "0",
    "tips": "艺人教室2级",
    "level": 2,
    "cost": "2:100;3:100",
    "level_req": 1,
    "building_req": "0",
    "block_req": 1,
    "UI": false,
    "effect_id": "300201"
  },
  "3003": {
    "id": 3003,
    "name": "艺人教室",
    "function_open": "0",
    "tips": "艺人教室3级",
    "level": 3,
    "cost": "2:100;3:100",
    "level_req": 1,
    "building_req": "0",
    "block_req": 1,
    "UI": false,
    "effect_id": "300301"
  },
  "3004": {
    "id": 3004,
    "name": "艺人教室",
    "function_open": "0",
    "tips": "艺人教室4级",
    "level": 4,
    "cost": "2:100;3:100",
    "level_req": 10,
    "building_req": "0",
    "block_req": 1,
    "UI": false,
    "effect_id": "300401"
  },
  "3005": {
    "id": 3005,
    "name": "艺人教室",
    "function_open": "0",
    "tips": "艺人教室5级",
    "level": 5,
    "cost": "2:100;3:100",
    "level_req": 10,
    "building_req": "0",
    "block_req": 1,
    "UI": false,
    "effect_id": "300501"
  },
  "3006": {
    "id": 3006,
    "name": "艺人教室",
    "function_open": "0",
    "tips": "艺人教室6级",
    "level": 6,
    "cost": "2:100;3:100",
    "level_req": 10,
    "building_req": "0",
    "block_req": 1,
    "UI": false,
    "effect_id": "300601"
  },
  "3007": {
    "id": 3007,
    "name": "艺人教室",
    "function_open": "0",
    "tips": "艺人教室7级",
    "level": 7,
    "cost": "2:100;3:100",
    "level_req": 20,
    "building_req": "0",
    "block_req": 1,
    "UI": false,
    "effect_id": "300701"
  },
  "3008": {
    "id": 3008,
    "name": "艺人教室",
    "function_open": "0",
    "tips": "艺人教室8级",
    "level": 8,
    "cost": "2:100;3:100",
    "level_req": 20,
    "building_req": "0",
    "block_req": 1,
    "UI": false,
    "effect_id": "300801"
  },
  "3009": {
    "id": 3009,
    "name": "艺人教室",
    "function_open": "0",
    "tips": "艺人教室9级",
    "level": 9,
    "cost": "2:100;3:100",
    "level_req": 20,
    "building_req": "0",
    "block_req": 1,
    "UI": false,
    "effect_id": "300901"
  },
  "3010": {
    "id": 3010,
    "name": "艺人教室",
    "function_open": "0",
    "tips": "艺人教室10级",
    "level": 10,
    "cost": "2:100;3:100",
    "level_req": 40,
    "building_req": "0",
    "block_req": 1,
    "UI": false,
    "effect_id": "301001"
  },
  "3011": {
    "id": 3011,
    "name": "艺人教室",
    "function_open": "0",
    "tips": "艺人教室11级",
    "level": 11,
    "cost": "2:100;3:100",
    "level_req": 40,
    "building_req": "0",
    "block_req": 1,
    "UI": false,
    "effect_id": "301101"
  },
  "3012": {
    "id": 3012,
    "name": "艺人教室",
    "function_open": "0",
    "tips": "艺人教室12级",
    "level": 12,
    "cost": "2:100;3:100",
    "level_req": 40,
    "building_req": "0",
    "block_req": 1,
    "UI": false,
    "effect_id": "301201"
  },
  "3013": {
    "id": 3013,
    "name": "艺人教室",
    "function_open": "0",
    "tips": "艺人教室13级",
    "level": 13,
    "cost": "2:100;3:100",
    "level_req": 60,
    "building_req": "0",
    "block_req": 1,
    "UI": false,
    "effect_id": "301301"
  },
  "3014": {
    "id": 3014,
    "name": "艺人教室",
    "function_open": "0",
    "tips": "艺人教室14级",
    "level": 14,
    "cost": "2:100;3:100",
    "level_req": 60,
    "building_req": "0",
    "block_req": 1,
    "UI": false,
    "effect_id": "301401"
  },
  "3015": {
    "id": 3015,
    "name": "艺人教室",
    "function_open": "0",
    "tips": "艺人教室15级",
    "level": 15,
    "cost": "2:100;3:100",
    "level_req": 60,
    "building_req": "0",
    "block_req": 1,
    "UI": false,
    "effect_id": "301501"
  },
  "3016": {
    "id": 3016,
    "name": "艺人教室",
    "function_open": "0",
    "tips": "艺人教室16级",
    "level": 16,
    "cost": "2:100;3:100",
    "level_req": 80,
    "building_req": "0",
    "block_req": 1,
    "UI": false,
    "effect_id": "301601"
  },
  "3017": {
    "id": 3017,
    "name": "艺人教室",
    "function_open": "0",
    "tips": "艺人教室17级",
    "level": 17,
    "cost": "2:100;3:100",
    "level_req": 80,
    "building_req": "0",
    "block_req": 1,
    "UI": false,
    "effect_id": "301701"
  },
  "3018": {
    "id": 3018,
    "name": "艺人教室",
    "function_open": "0",
    "tips": "艺人教室18级",
    "level": 18,
    "cost": "2:100;3:100",
    "level_req": 80,
    "building_req": "0",
    "block_req": 1,
    "UI": false,
    "effect_id": "301801"
  },
  "3019": {
    "id": 3019,
    "name": "艺人教室",
    "function_open": "0",
    "tips": "艺人教室19级",
    "level": 19,
    "cost": "2:100;3:100",
    "level_req": 100,
    "building_req": "0",
    "block_req": 1,
    "UI": false,
    "effect_id": "301901"
  },
  "3020": {
    "id": 3020,
    "name": "艺人教室",
    "function_open": "0",
    "tips": "艺人教室20级",
    "level": 20,
    "cost": "2:100;3:100",
    "level_req": 100,
    "building_req": "0",
    "block_req": 1,
    "UI": false,
    "effect_id": "302001"
  },
  "4001": {
    "id": 4001,
    "name": "市场部",
    "function_open": "4",
    "tips": "市场部1级",
    "level": 1,
    "cost": "2:100;3:100",
    "level_req": 1,
    "building_req": "0",
    "block_req": 1,
    "UI": true,
    "effect_id": "400101"
  },
  "4002": {
    "id": 4002,
    "name": "市场部",
    "function_open": "0",
    "tips": "市场部2级",
    "level": 2,
    "cost": "2:100;3:100",
    "level_req": 1,
    "building_req": "0",
    "block_req": 1,
    "UI": false,
    "effect_id": "400201"
  },
  "4003": {
    "id": 4003,
    "name": "市场部",
    "function_open": "0",
    "tips": "市场部3级",
    "level": 3,
    "cost": "2:100;3:100",
    "level_req": 1,
    "building_req": "0",
    "block_req": 1,
    "UI": false,
    "effect_id": "400301"
  },
  "4004": {
    "id": 4004,
    "name": "市场部",
    "function_open": "0",
    "tips": "市场部4级",
    "level": 4,
    "cost": "2:100;3:100",
    "level_req": 10,
    "building_req": "0",
    "block_req": 1,
    "UI": false,
    "effect_id": "400401"
  },
  "4005": {
    "id": 4005,
    "name": "市场部",
    "function_open": "0",
    "tips": "市场部5级",
    "level": 5,
    "cost": "2:100;3:100",
    "level_req": 10,
    "building_req": "0",
    "block_req": 1,
    "UI": false,
    "effect_id": "400501"
  },
  "4006": {
    "id": 4006,
    "name": "市场部",
    "function_open": "0",
    "tips": "市场部6级",
    "level": 6,
    "cost": "2:100;3:100",
    "level_req": 10,
    "building_req": "0",
    "block_req": 1,
    "UI": false,
    "effect_id": "400601"
  },
  "4007": {
    "id": 4007,
    "name": "市场部",
    "function_open": "0",
    "tips": "市场部7级",
    "level": 7,
    "cost": "2:100;3:100",
    "level_req": 20,
    "building_req": "0",
    "block_req": 1,
    "UI": false,
    "effect_id": "400701"
  },
  "4008": {
    "id": 4008,
    "name": "市场部",
    "function_open": "0",
    "tips": "市场部8级",
    "level": 8,
    "cost": "2:100;3:100",
    "level_req": 20,
    "building_req": "0",
    "block_req": 1,
    "UI": false,
    "effect_id": "400801"
  },
  "4009": {
    "id": 4009,
    "name": "市场部",
    "function_open": "0",
    "tips": "市场部9级",
    "level": 9,
    "cost": "2:100;3:100",
    "level_req": 20,
    "building_req": "0",
    "block_req": 1,
    "UI": false,
    "effect_id": "400901"
  },
  "4010": {
    "id": 4010,
    "name": "市场部",
    "function_open": "0",
    "tips": "市场部10级",
    "level": 10,
    "cost": "2:100;3:100",
    "level_req": 40,
    "building_req": "0",
    "block_req": 1,
    "UI": false,
    "effect_id": "401001"
  },
  "4011": {
    "id": 4011,
    "name": "市场部",
    "function_open": "0",
    "tips": "市场部11级",
    "level": 11,
    "cost": "2:100;3:100",
    "level_req": 40,
    "building_req": "0",
    "block_req": 1,
    "UI": false,
    "effect_id": "401101"
  },
  "4012": {
    "id": 4012,
    "name": "市场部",
    "function_open": "0",
    "tips": "市场部12级",
    "level": 12,
    "cost": "2:100;3:100",
    "level_req": 40,
    "building_req": "0",
    "block_req": 1,
    "UI": false,
    "effect_id": "401201"
  },
  "4013": {
    "id": 4013,
    "name": "市场部",
    "function_open": "0",
    "tips": "市场部13级",
    "level": 13,
    "cost": "2:100;3:100",
    "level_req": 60,
    "building_req": "0",
    "block_req": 1,
    "UI": false,
    "effect_id": "401301"
  },
  "4014": {
    "id": 4014,
    "name": "市场部",
    "function_open": "0",
    "tips": "市场部14级",
    "level": 14,
    "cost": "2:100;3:100",
    "level_req": 60,
    "building_req": "0",
    "block_req": 1,
    "UI": false,
    "effect_id": "401401"
  },
  "4015": {
    "id": 4015,
    "name": "市场部",
    "function_open": "0",
    "tips": "市场部15级",
    "level": 15,
    "cost": "2:100;3:100",
    "level_req": 60,
    "building_req": "0",
    "block_req": 1,
    "UI": false,
    "effect_id": "401501"
  },
  "4016": {
    "id": 4016,
    "name": "市场部",
    "function_open": "0",
    "tips": "市场部16级",
    "level": 16,
    "cost": "2:100;3:100",
    "level_req": 80,
    "building_req": "0",
    "block_req": 1,
    "UI": false,
    "effect_id": "401601"
  },
  "4017": {
    "id": 4017,
    "name": "市场部",
    "function_open": "0",
    "tips": "市场部17级",
    "level": 17,
    "cost": "2:100;3:100",
    "level_req": 80,
    "building_req": "0",
    "block_req": 1,
    "UI": false,
    "effect_id": "401701"
  },
  "4018": {
    "id": 4018,
    "name": "市场部",
    "function_open": "0",
    "tips": "市场部18级",
    "level": 18,
    "cost": "2:100;3:100",
    "level_req": 80,
    "building_req": "0",
    "block_req": 1,
    "UI": false,
    "effect_id": "401801"
  },
  "4019": {
    "id": 4019,
    "name": "市场部",
    "function_open": "0",
    "tips": "市场部19级",
    "level": 19,
    "cost": "2:100;3:100",
    "level_req": 100,
    "building_req": "0",
    "block_req": 1,
    "UI": false,
    "effect_id": "401901"
  },
  "4020": {
    "id": 4020,
    "name": "市场部",
    "function_open": "0",
    "tips": "市场部20级",
    "level": 20,
    "cost": "2:100;3:100",
    "level_req": 100,
    "building_req": "0",
    "block_req": 1,
    "UI": false,
    "effect_id": "402001"
  },
  "5001": {
    "id": 5001,
    "name": "宣传部",
    "function_open": "5",
    "tips": "宣传部1级",
    "level": 1,
    "cost": "2:100;3:100",
    "level_req": 1,
    "building_req": "0",
    "block_req": 1,
    "UI": true,
    "effect_id": "500101"
  },
  "5002": {
    "id": 5002,
    "name": "宣传部",
    "function_open": "0",
    "tips": "宣传部2级",
    "level": 2,
    "cost": "2:100;3:100",
    "level_req": 1,
    "building_req": "0",
    "block_req": 1,
    "UI": false,
    "effect_id": "500201"
  },
  "5003": {
    "id": 5003,
    "name": "宣传部",
    "function_open": "0",
    "tips": "宣传部3级",
    "level": 3,
    "cost": "2:100;3:100",
    "level_req": 1,
    "building_req": "0",
    "block_req": 1,
    "UI": false,
    "effect_id": "500301"
  },
  "5004": {
    "id": 5004,
    "name": "宣传部",
    "function_open": "0",
    "tips": "宣传部4级",
    "level": 4,
    "cost": "2:100;3:100",
    "level_req": 10,
    "building_req": "0",
    "block_req": 1,
    "UI": false,
    "effect_id": "500401"
  },
  "5005": {
    "id": 5005,
    "name": "宣传部",
    "function_open": "0",
    "tips": "宣传部5级",
    "level": 5,
    "cost": "2:100;3:100",
    "level_req": 10,
    "building_req": "0",
    "block_req": 1,
    "UI": false,
    "effect_id": "500501"
  },
  "5006": {
    "id": 5006,
    "name": "宣传部",
    "function_open": "0",
    "tips": "宣传部6级",
    "level": 6,
    "cost": "2:100;3:100",
    "level_req": 10,
    "building_req": "0",
    "block_req": 1,
    "UI": false,
    "effect_id": "500601"
  },
  "5007": {
    "id": 5007,
    "name": "宣传部",
    "function_open": "0",
    "tips": "宣传部7级",
    "level": 7,
    "cost": "2:100;3:100",
    "level_req": 20,
    "building_req": "0",
    "block_req": 1,
    "UI": false,
    "effect_id": "500701"
  },
  "5008": {
    "id": 5008,
    "name": "宣传部",
    "function_open": "0",
    "tips": "宣传部8级",
    "level": 8,
    "cost": "2:100;3:100",
    "level_req": 20,
    "building_req": "0",
    "block_req": 1,
    "UI": false,
    "effect_id": "500801"
  },
  "5009": {
    "id": 5009,
    "name": "宣传部",
    "function_open": "0",
    "tips": "宣传部9级",
    "level": 9,
    "cost": "2:100;3:100",
    "level_req": 20,
    "building_req": "0",
    "block_req": 1,
    "UI": false,
    "effect_id": "500901"
  },
  "5010": {
    "id": 5010,
    "name": "宣传部",
    "function_open": "0",
    "tips": "宣传部10级",
    "level": 10,
    "cost": "2:100;3:100",
    "level_req": 40,
    "building_req": "0",
    "block_req": 1,
    "UI": false,
    "effect_id": "501001"
  },
  "5011": {
    "id": 5011,
    "name": "宣传部",
    "function_open": "0",
    "tips": "宣传部11级",
    "level": 11,
    "cost": "2:100;3:100",
    "level_req": 40,
    "building_req": "0",
    "block_req": 1,
    "UI": false,
    "effect_id": "501101"
  },
  "5012": {
    "id": 5012,
    "name": "宣传部",
    "function_open": "0",
    "tips": "宣传部12级",
    "level": 12,
    "cost": "2:100;3:100",
    "level_req": 40,
    "building_req": "0",
    "block_req": 1,
    "UI": false,
    "effect_id": "501201"
  },
  "5013": {
    "id": 5013,
    "name": "宣传部",
    "function_open": "0",
    "tips": "宣传部13级",
    "level": 13,
    "cost": "2:100;3:100",
    "level_req": 60,
    "building_req": "0",
    "block_req": 1,
    "UI": false,
    "effect_id": "501301"
  },
  "5014": {
    "id": 5014,
    "name": "宣传部",
    "function_open": "0",
    "tips": "宣传部14级",
    "level": 14,
    "cost": "2:100;3:100",
    "level_req": 60,
    "building_req": "0",
    "block_req": 1,
    "UI": false,
    "effect_id": "501401"
  },
  "5015": {
    "id": 5015,
    "name": "宣传部",
    "function_open": "0",
    "tips": "宣传部15级",
    "level": 15,
    "cost": "2:100;3:100",
    "level_req": 60,
    "building_req": "0",
    "block_req": 1,
    "UI": false,
    "effect_id": "501501"
  },
  "5016": {
    "id": 5016,
    "name": "宣传部",
    "function_open": "0",
    "tips": "宣传部16级",
    "level": 16,
    "cost": "2:100;3:100",
    "level_req": 80,
    "building_req": "0",
    "block_req": 1,
    "UI": false,
    "effect_id": "501601"
  },
  "5017": {
    "id": 5017,
    "name": "宣传部",
    "function_open": "0",
    "tips": "宣传部17级",
    "level": 17,
    "cost": "2:100;3:100",
    "level_req": 80,
    "building_req": "0",
    "block_req": 1,
    "UI": false,
    "effect_id": "501701"
  },
  "5018": {
    "id": 5018,
    "name": "宣传部",
    "function_open": "0",
    "tips": "宣传部18级",
    "level": 18,
    "cost": "2:100;3:100",
    "level_req": 80,
    "building_req": "0",
    "block_req": 1,
    "UI": false,
    "effect_id": "501801"
  },
  "5019": {
    "id": 5019,
    "name": "宣传部",
    "function_open": "0",
    "tips": "宣传部19级",
    "level": 19,
    "cost": "2:100;3:100",
    "level_req": 100,
    "building_req": "0",
    "block_req": 1,
    "UI": false,
    "effect_id": "501901"
  },
  "5020": {
    "id": 5020,
    "name": "宣传部",
    "function_open": "0",
    "tips": "宣传部20级",
    "level": 20,
    "cost": "2:100;3:100",
    "level_req": 100,
    "building_req": "0",
    "block_req": 1,
    "UI": false,
    "effect_id": "502001"
  },
  "6001": {
    "id": 6001,
    "name": "仓库",
    "function_open": "6",
    "tips": "仓库1级",
    "level": 1,
    "cost": "2:100;3:100",
    "level_req": 1,
    "building_req": "0",
    "block_req": 1,
    "UI": true,
    "effect_id": "600101"
  },
  "6002": {
    "id": 6002,
    "name": "仓库",
    "function_open": "0",
    "tips": "仓库2级",
    "level": 2,
    "cost": "2:100;3:100",
    "level_req": 1,
    "building_req": "0",
    "block_req": 1,
    "UI": false,
    "effect_id": "600201"
  },
  "6003": {
    "id": 6003,
    "name": "仓库",
    "function_open": "0",
    "tips": "仓库3级",
    "level": 3,
    "cost": "2:100;3:100",
    "level_req": 1,
    "building_req": "0",
    "block_req": 1,
    "UI": false,
    "effect_id": "600301"
  },
  "6004": {
    "id": 6004,
    "name": "仓库",
    "function_open": "0",
    "tips": "仓库4级",
    "level": 4,
    "cost": "2:100;3:100",
    "level_req": 10,
    "building_req": "0",
    "block_req": 1,
    "UI": false,
    "effect_id": "600401"
  },
  "6005": {
    "id": 6005,
    "name": "仓库",
    "function_open": "0",
    "tips": "仓库5级",
    "level": 5,
    "cost": "2:100;3:100",
    "level_req": 10,
    "building_req": "0",
    "block_req": 1,
    "UI": false,
    "effect_id": "600501"
  },
  "6006": {
    "id": 6006,
    "name": "仓库",
    "function_open": "0",
    "tips": "仓库6级",
    "level": 6,
    "cost": "2:100;3:100",
    "level_req": 10,
    "building_req": "0",
    "block_req": 1,
    "UI": false,
    "effect_id": "600601"
  },
  "6007": {
    "id": 6007,
    "name": "仓库",
    "function_open": "0",
    "tips": "仓库7级",
    "level": 7,
    "cost": "2:100;3:100",
    "level_req": 20,
    "building_req": "0",
    "block_req": 1,
    "UI": false,
    "effect_id": "600701"
  },
  "6008": {
    "id": 6008,
    "name": "仓库",
    "function_open": "0",
    "tips": "仓库8级",
    "level": 8,
    "cost": "2:100;3:100",
    "level_req": 20,
    "building_req": "0",
    "block_req": 1,
    "UI": false,
    "effect_id": "600801"
  },
  "6009": {
    "id": 6009,
    "name": "仓库",
    "function_open": "0",
    "tips": "仓库9级",
    "level": 9,
    "cost": "2:100;3:100",
    "level_req": 20,
    "building_req": "0",
    "block_req": 1,
    "UI": false,
    "effect_id": "600901"
  },
  "6010": {
    "id": 6010,
    "name": "仓库",
    "function_open": "0",
    "tips": "仓库10级",
    "level": 10,
    "cost": "2:100;3:100",
    "level_req": 40,
    "building_req": "0",
    "block_req": 1,
    "UI": false,
    "effect_id": "601001"
  },
  "6011": {
    "id": 6011,
    "name": "仓库",
    "function_open": "0",
    "tips": "仓库11级",
    "level": 11,
    "cost": "2:100;3:100",
    "level_req": 40,
    "building_req": "0",
    "block_req": 1,
    "UI": false,
    "effect_id": "601101"
  },
  "6012": {
    "id": 6012,
    "name": "仓库",
    "function_open": "0",
    "tips": "仓库12级",
    "level": 12,
    "cost": "2:100;3:100",
    "level_req": 40,
    "building_req": "0",
    "block_req": 1,
    "UI": false,
    "effect_id": "601201"
  },
  "6013": {
    "id": 6013,
    "name": "仓库",
    "function_open": "0",
    "tips": "仓库13级",
    "level": 13,
    "cost": "2:100;3:100",
    "level_req": 60,
    "building_req": "0",
    "block_req": 1,
    "UI": false,
    "effect_id": "601301"
  },
  "6014": {
    "id": 6014,
    "name": "仓库",
    "function_open": "0",
    "tips": "仓库14级",
    "level": 14,
    "cost": "2:100;3:100",
    "level_req": 60,
    "building_req": "0",
    "block_req": 1,
    "UI": false,
    "effect_id": "601401"
  },
  "6015": {
    "id": 6015,
    "name": "仓库",
    "function_open": "0",
    "tips": "仓库15级",
    "level": 15,
    "cost": "2:100;3:100",
    "level_req": 60,
    "building_req": "0",
    "block_req": 1,
    "UI": false,
    "effect_id": "601501"
  },
  "6016": {
    "id": 6016,
    "name": "仓库",
    "function_open": "0",
    "tips": "仓库16级",
    "level": 16,
    "cost": "2:100;3:100",
    "level_req": 80,
    "building_req": "0",
    "block_req": 1,
    "UI": false,
    "effect_id": "601601"
  },
  "6017": {
    "id": 6017,
    "name": "仓库",
    "function_open": "0",
    "tips": "仓库17级",
    "level": 17,
    "cost": "2:100;3:100",
    "level_req": 80,
    "building_req": "0",
    "block_req": 1,
    "UI": false,
    "effect_id": "601701"
  },
  "6018": {
    "id": 6018,
    "name": "仓库",
    "function_open": "0",
    "tips": "仓库18级",
    "level": 18,
    "cost": "2:100;3:100",
    "level_req": 80,
    "building_req": "0",
    "block_req": 1,
    "UI": false,
    "effect_id": "601801"
  },
  "6019": {
    "id": 6019,
    "name": "仓库",
    "function_open": "0",
    "tips": "仓库19级",
    "level": 19,
    "cost": "2:100;3:100",
    "level_req": 100,
    "building_req": "0",
    "block_req": 1,
    "UI": false,
    "effect_id": "601901"
  },
  "6020": {
    "id": 6020,
    "name": "仓库",
    "function_open": "0",
    "tips": "仓库20级",
    "level": 20,
    "cost": "2:100;3:100",
    "level_req": 100,
    "building_req": "0",
    "block_req": 1,
    "UI": false,
    "effect_id": "602001"
  },
  "7001": {
    "id": 7001,
    "name": "销售部",
    "function_open": "7",
    "tips": "销售部1级",
    "level": 1,
    "cost": "2:100;3:100",
    "level_req": 1,
    "building_req": "0",
    "block_req": 1,
    "UI": true,
    "effect_id": "700101"
  },
  "7002": {
    "id": 7002,
    "name": "销售部",
    "function_open": "0",
    "tips": "销售部2级",
    "level": 2,
    "cost": "2:100;3:100",
    "level_req": 1,
    "building_req": "0",
    "block_req": 1,
    "UI": false,
    "effect_id": "700201"
  },
  "7003": {
    "id": 7003,
    "name": "销售部",
    "function_open": "0",
    "tips": "销售部3级",
    "level": 3,
    "cost": "2:100;3:100",
    "level_req": 1,
    "building_req": "0",
    "block_req": 1,
    "UI": false,
    "effect_id": "700301"
  },
  "7004": {
    "id": 7004,
    "name": "销售部",
    "function_open": "0",
    "tips": "销售部4级",
    "level": 4,
    "cost": "2:100;3:100",
    "level_req": 10,
    "building_req": "0",
    "block_req": 1,
    "UI": false,
    "effect_id": "700401"
  },
  "7005": {
    "id": 7005,
    "name": "销售部",
    "function_open": "0",
    "tips": "销售部5级",
    "level": 5,
    "cost": "2:100;3:100",
    "level_req": 10,
    "building_req": "0",
    "block_req": 1,
    "UI": false,
    "effect_id": "700501"
  },
  "7006": {
    "id": 7006,
    "name": "销售部",
    "function_open": "0",
    "tips": "销售部6级",
    "level": 6,
    "cost": "2:100;3:100",
    "level_req": 10,
    "building_req": "0",
    "block_req": 1,
    "UI": false,
    "effect_id": "700601"
  },
  "7007": {
    "id": 7007,
    "name": "销售部",
    "function_open": "0",
    "tips": "销售部7级",
    "level": 7,
    "cost": "2:100;3:100",
    "level_req": 20,
    "building_req": "0",
    "block_req": 1,
    "UI": false,
    "effect_id": "700701"
  },
  "7008": {
    "id": 7008,
    "name": "销售部",
    "function_open": "0",
    "tips": "销售部8级",
    "level": 8,
    "cost": "2:100;3:100",
    "level_req": 20,
    "building_req": "0",
    "block_req": 1,
    "UI": false,
    "effect_id": "700801"
  },
  "7009": {
    "id": 7009,
    "name": "销售部",
    "function_open": "0",
    "tips": "销售部9级",
    "level": 9,
    "cost": "2:100;3:100",
    "level_req": 20,
    "building_req": "0",
    "block_req": 1,
    "UI": false,
    "effect_id": "700901"
  },
  "7010": {
    "id": 7010,
    "name": "销售部",
    "function_open": "0",
    "tips": "销售部10级",
    "level": 10,
    "cost": "2:100;3:100",
    "level_req": 40,
    "building_req": "0",
    "block_req": 1,
    "UI": false,
    "effect_id": "701001"
  },
  "7011": {
    "id": 7011,
    "name": "销售部",
    "function_open": "0",
    "tips": "销售部11级",
    "level": 11,
    "cost": "2:100;3:100",
    "level_req": 40,
    "building_req": "0",
    "block_req": 1,
    "UI": false,
    "effect_id": "701101"
  },
  "7012": {
    "id": 7012,
    "name": "销售部",
    "function_open": "0",
    "tips": "销售部12级",
    "level": 12,
    "cost": "2:100;3:100",
    "level_req": 40,
    "building_req": "0",
    "block_req": 1,
    "UI": false,
    "effect_id": "701201"
  },
  "7013": {
    "id": 7013,
    "name": "销售部",
    "function_open": "0",
    "tips": "销售部13级",
    "level": 13,
    "cost": "2:100;3:100",
    "level_req": 60,
    "building_req": "0",
    "block_req": 1,
    "UI": false,
    "effect_id": "701301"
  },
  "7014": {
    "id": 7014,
    "name": "销售部",
    "function_open": "0",
    "tips": "销售部14级",
    "level": 14,
    "cost": "2:100;3:100",
    "level_req": 60,
    "building_req": "0",
    "block_req": 1,
    "UI": false,
    "effect_id": "701401"
  },
  "7015": {
    "id": 7015,
    "name": "销售部",
    "function_open": "0",
    "tips": "销售部15级",
    "level": 15,
    "cost": "2:100;3:100",
    "level_req": 60,
    "building_req": "0",
    "block_req": 1,
    "UI": false,
    "effect_id": "701501"
  },
  "7016": {
    "id": 7016,
    "name": "销售部",
    "function_open": "0",
    "tips": "销售部16级",
    "level": 16,
    "cost": "2:100;3:100",
    "level_req": 80,
    "building_req": "0",
    "block_req": 1,
    "UI": false,
    "effect_id": "701601"
  },
  "7017": {
    "id": 7017,
    "name": "销售部",
    "function_open": "0",
    "tips": "销售部17级",
    "level": 17,
    "cost": "2:100;3:100",
    "level_req": 80,
    "building_req": "0",
    "block_req": 1,
    "UI": false,
    "effect_id": "701701"
  },
  "7018": {
    "id": 7018,
    "name": "销售部",
    "function_open": "0",
    "tips": "销售部18级",
    "level": 18,
    "cost": "2:100;3:100",
    "level_req": 80,
    "building_req": "0",
    "block_req": 1,
    "UI": false,
    "effect_id": "701801"
  },
  "7019": {
    "id": 7019,
    "name": "销售部",
    "function_open": "0",
    "tips": "销售部19级",
    "level": 19,
    "cost": "2:100;3:100",
    "level_req": 100,
    "building_req": "0",
    "block_req": 1,
    "UI": false,
    "effect_id": "701901"
  },
  "7020": {
    "id": 7020,
    "name": "销售部",
    "function_open": "0",
    "tips": "销售部20级",
    "level": 20,
    "cost": "2:100;3:100",
    "level_req": 100,
    "building_req": "0",
    "block_req": 1,
    "UI": false,
    "effect_id": "702001"
  },
  "8001": {
    "id": 8001,
    "name": "商务部",
    "function_open": "8",
    "tips": "商务部1级",
    "level": 1,
    "cost": "2:100;3:100",
    "level_req": 1,
    "building_req": "0",
    "block_req": 1,
    "UI": true,
    "effect_id": "800101"
  },
  "8002": {
    "id": 8002,
    "name": "商务部",
    "function_open": "0",
    "tips": "商务部2级",
    "level": 2,
    "cost": "2:100;3:100",
    "level_req": 1,
    "building_req": "0",
    "block_req": 1,
    "UI": false,
    "effect_id": "800201"
  },
  "8003": {
    "id": 8003,
    "name": "商务部",
    "function_open": "0",
    "tips": "商务部3级",
    "level": 3,
    "cost": "2:100;3:100",
    "level_req": 1,
    "building_req": "0",
    "block_req": 1,
    "UI": false,
    "effect_id": "800301"
  },
  "8004": {
    "id": 8004,
    "name": "商务部",
    "function_open": "0",
    "tips": "商务部4级",
    "level": 4,
    "cost": "2:100;3:100",
    "level_req": 10,
    "building_req": "0",
    "block_req": 1,
    "UI": false,
    "effect_id": "800401"
  },
  "8005": {
    "id": 8005,
    "name": "商务部",
    "function_open": "0",
    "tips": "商务部5级",
    "level": 5,
    "cost": "2:100;3:100",
    "level_req": 10,
    "building_req": "0",
    "block_req": 1,
    "UI": false,
    "effect_id": "800501"
  },
  "8006": {
    "id": 8006,
    "name": "商务部",
    "function_open": "0",
    "tips": "商务部6级",
    "level": 6,
    "cost": "2:100;3:100",
    "level_req": 10,
    "building_req": "0",
    "block_req": 1,
    "UI": false,
    "effect_id": "800601"
  },
  "8007": {
    "id": 8007,
    "name": "商务部",
    "function_open": "0",
    "tips": "商务部7级",
    "level": 7,
    "cost": "2:100;3:100",
    "level_req": 20,
    "building_req": "0",
    "block_req": 1,
    "UI": false,
    "effect_id": "800701"
  },
  "8008": {
    "id": 8008,
    "name": "商务部",
    "function_open": "0",
    "tips": "商务部8级",
    "level": 8,
    "cost": "2:100;3:100",
    "level_req": 20,
    "building_req": "0",
    "block_req": 1,
    "UI": false,
    "effect_id": "800801"
  },
  "8009": {
    "id": 8009,
    "name": "商务部",
    "function_open": "0",
    "tips": "商务部9级",
    "level": 9,
    "cost": "2:100;3:100",
    "level_req": 20,
    "building_req": "0",
    "block_req": 1,
    "UI": false,
    "effect_id": "800901"
  },
  "8010": {
    "id": 8010,
    "name": "商务部",
    "function_open": "0",
    "tips": "商务部10级",
    "level": 10,
    "cost": "2:100;3:100",
    "level_req": 40,
    "building_req": "0",
    "block_req": 1,
    "UI": false,
    "effect_id": "801001"
  },
  "8011": {
    "id": 8011,
    "name": "商务部",
    "function_open": "0",
    "tips": "商务部11级",
    "level": 11,
    "cost": "2:100;3:100",
    "level_req": 40,
    "building_req": "0",
    "block_req": 1,
    "UI": false,
    "effect_id": "801101"
  },
  "8012": {
    "id": 8012,
    "name": "商务部",
    "function_open": "0",
    "tips": "商务部12级",
    "level": 12,
    "cost": "2:100;3:100",
    "level_req": 40,
    "building_req": "0",
    "block_req": 1,
    "UI": false,
    "effect_id": "801201"
  },
  "8013": {
    "id": 8013,
    "name": "商务部",
    "function_open": "0",
    "tips": "商务部13级",
    "level": 13,
    "cost": "2:100;3:100",
    "level_req": 60,
    "building_req": "0",
    "block_req": 1,
    "UI": false,
    "effect_id": "801301"
  },
  "8014": {
    "id": 8014,
    "name": "商务部",
    "function_open": "0",
    "tips": "商务部14级",
    "level": 14,
    "cost": "2:100;3:100",
    "level_req": 60,
    "building_req": "0",
    "block_req": 1,
    "UI": false,
    "effect_id": "801401"
  },
  "8015": {
    "id": 8015,
    "name": "商务部",
    "function_open": "0",
    "tips": "商务部15级",
    "level": 15,
    "cost": "2:100;3:100",
    "level_req": 60,
    "building_req": "0",
    "block_req": 1,
    "UI": false,
    "effect_id": "801501"
  },
  "8016": {
    "id": 8016,
    "name": "商务部",
    "function_open": "0",
    "tips": "商务部16级",
    "level": 16,
    "cost": "2:100;3:100",
    "level_req": 80,
    "building_req": "0",
    "block_req": 1,
    "UI": false,
    "effect_id": "801601"
  },
  "8017": {
    "id": 8017,
    "name": "商务部",
    "function_open": "0",
    "tips": "商务部17级",
    "level": 17,
    "cost": "2:100;3:100",
    "level_req": 80,
    "building_req": "0",
    "block_req": 1,
    "UI": false,
    "effect_id": "801701"
  },
  "8018": {
    "id": 8018,
    "name": "商务部",
    "function_open": "0",
    "tips": "商务部18级",
    "level": 18,
    "cost": "2:100;3:100",
    "level_req": 80,
    "building_req": "0",
    "block_req": 1,
    "UI": false,
    "effect_id": "801801"
  },
  "8019": {
    "id": 8019,
    "name": "商务部",
    "function_open": "0",
    "tips": "商务部19级",
    "level": 19,
    "cost": "2:100;3:100",
    "level_req": 100,
    "building_req": "0",
    "block_req": 1,
    "UI": false,
    "effect_id": "801901"
  },
  "8020": {
    "id": 8020,
    "name": "商务部",
    "function_open": "0",
    "tips": "商务部20级",
    "level": 20,
    "cost": "2:100;3:100",
    "level_req": 100,
    "building_req": "0",
    "block_req": 1,
    "UI": false,
    "effect_id": "802001"
  },
  "9001": {
    "id": 9001,
    "name": "办公室",
    "function_open": "9",
    "tips": "办公室1级",
    "level": 1,
    "cost": "2:100;3:100",
    "level_req": 1,
    "building_req": "0",
    "block_req": 1,
    "UI": true,
    "effect_id": "900101"
  },
  "9002": {
    "id": 9002,
    "name": "办公室",
    "function_open": "0",
    "tips": "办公室2级",
    "level": 2,
    "cost": "2:100;3:100",
    "level_req": 1,
    "building_req": "0",
    "block_req": 1,
    "UI": false,
    "effect_id": "900201"
  },
  "9003": {
    "id": 9003,
    "name": "办公室",
    "function_open": "0",
    "tips": "办公室3级",
    "level": 3,
    "cost": "2:100;3:100",
    "level_req": 1,
    "building_req": "0",
    "block_req": 1,
    "UI": false,
    "effect_id": "900301"
  },
  "9004": {
    "id": 9004,
    "name": "办公室",
    "function_open": "0",
    "tips": "办公室4级",
    "level": 4,
    "cost": "2:100;3:100",
    "level_req": 10,
    "building_req": "0",
    "block_req": 1,
    "UI": false,
    "effect_id": "900401"
  },
  "9005": {
    "id": 9005,
    "name": "办公室",
    "function_open": "0",
    "tips": "办公室5级",
    "level": 5,
    "cost": "2:100;3:100",
    "level_req": 10,
    "building_req": "0",
    "block_req": 1,
    "UI": false,
    "effect_id": "900501"
  },
  "9006": {
    "id": 9006,
    "name": "办公室",
    "function_open": "0",
    "tips": "办公室6级",
    "level": 6,
    "cost": "2:100;3:100",
    "level_req": 10,
    "building_req": "0",
    "block_req": 1,
    "UI": false,
    "effect_id": "900601"
  },
  "9007": {
    "id": 9007,
    "name": "办公室",
    "function_open": "0",
    "tips": "办公室7级",
    "level": 7,
    "cost": "2:100;3:100",
    "level_req": 20,
    "building_req": "0",
    "block_req": 1,
    "UI": false,
    "effect_id": "900701"
  },
  "9008": {
    "id": 9008,
    "name": "办公室",
    "function_open": "0",
    "tips": "办公室8级",
    "level": 8,
    "cost": "2:100;3:100",
    "level_req": 20,
    "building_req": "0",
    "block_req": 1,
    "UI": false,
    "effect_id": "900801"
  },
  "9009": {
    "id": 9009,
    "name": "办公室",
    "function_open": "0",
    "tips": "办公室9级",
    "level": 9,
    "cost": "2:100;3:100",
    "level_req": 20,
    "building_req": "0",
    "block_req": 1,
    "UI": false,
    "effect_id": "900901"
  },
  "9010": {
    "id": 9010,
    "name": "办公室",
    "function_open": "0",
    "tips": "办公室10级",
    "level": 10,
    "cost": "2:100;3:100",
    "level_req": 40,
    "building_req": "0",
    "block_req": 1,
    "UI": false,
    "effect_id": "901001"
  },
  "9011": {
    "id": 9011,
    "name": "办公室",
    "function_open": "0",
    "tips": "办公室11级",
    "level": 11,
    "cost": "2:100;3:100",
    "level_req": 40,
    "building_req": "0",
    "block_req": 1,
    "UI": false,
    "effect_id": "901101"
  },
  "9012": {
    "id": 9012,
    "name": "办公室",
    "function_open": "0",
    "tips": "办公室12级",
    "level": 12,
    "cost": "2:100;3:100",
    "level_req": 40,
    "building_req": "0",
    "block_req": 1,
    "UI": false,
    "effect_id": "901201"
  },
  "9013": {
    "id": 9013,
    "name": "办公室",
    "function_open": "0",
    "tips": "办公室13级",
    "level": 13,
    "cost": "2:100;3:100",
    "level_req": 60,
    "building_req": "0",
    "block_req": 1,
    "UI": false,
    "effect_id": "901301"
  },
  "9014": {
    "id": 9014,
    "name": "办公室",
    "function_open": "0",
    "tips": "办公室14级",
    "level": 14,
    "cost": "2:100;3:100",
    "level_req": 60,
    "building_req": "0",
    "block_req": 1,
    "UI": false,
    "effect_id": "901401"
  },
  "9015": {
    "id": 9015,
    "name": "办公室",
    "function_open": "0",
    "tips": "办公室15级",
    "level": 15,
    "cost": "2:100;3:100",
    "level_req": 60,
    "building_req": "0",
    "block_req": 1,
    "UI": false,
    "effect_id": "901501"
  },
  "9016": {
    "id": 9016,
    "name": "办公室",
    "function_open": "0",
    "tips": "办公室16级",
    "level": 16,
    "cost": "2:100;3:100",
    "level_req": 80,
    "building_req": "0",
    "block_req": 1,
    "UI": false,
    "effect_id": "901601"
  },
  "9017": {
    "id": 9017,
    "name": "办公室",
    "function_open": "0",
    "tips": "办公室17级",
    "level": 17,
    "cost": "2:100;3:100",
    "level_req": 80,
    "building_req": "0",
    "block_req": 1,
    "UI": false,
    "effect_id": "901701"
  },
  "9018": {
    "id": 9018,
    "name": "办公室",
    "function_open": "0",
    "tips": "办公室18级",
    "level": 18,
    "cost": "2:100;3:100",
    "level_req": 80,
    "building_req": "0",
    "block_req": 1,
    "UI": false,
    "effect_id": "901801"
  },
  "9019": {
    "id": 9019,
    "name": "办公室",
    "function_open": "0",
    "tips": "办公室19级",
    "level": 19,
    "cost": "2:100;3:100",
    "level_req": 100,
    "building_req": "0",
    "block_req": 1,
    "UI": false,
    "effect_id": "901901"
  },
  "9020": {
    "id": 9020,
    "name": "办公室",
    "function_open": "0",
    "tips": "办公室20级",
    "level": 20,
    "cost": "2:100;3:100",
    "level_req": 100,
    "building_req": "0",
    "block_req": 1,
    "UI": false,
    "effect_id": "902001"
  },
  "10001": {
    "id": 10001,
    "name": "接待室",
    "function_open": "10",
    "tips": "接待室1级",
    "level": 1,
    "cost": "2:100;3:100",
    "level_req": 1,
    "building_req": "0",
    "block_req": 1,
    "UI": true,
    "effect_id": "1000101"
  },
  "10002": {
    "id": 10002,
    "name": "接待室",
    "function_open": "0",
    "tips": "接待室2级",
    "level": 2,
    "cost": "2:100;3:100",
    "level_req": 1,
    "building_req": "0",
    "block_req": 1,
    "UI": false,
    "effect_id": "1000201"
  },
  "10003": {
    "id": 10003,
    "name": "接待室",
    "function_open": "0",
    "tips": "接待室3级",
    "level": 3,
    "cost": "2:100;3:100",
    "level_req": 1,
    "building_req": "0",
    "block_req": 1,
    "UI": false,
    "effect_id": "1000301"
  },
  "10004": {
    "id": 10004,
    "name": "接待室",
    "function_open": "0",
    "tips": "接待室4级",
    "level": 4,
    "cost": "2:100;3:100",
    "level_req": 10,
    "building_req": "0",
    "block_req": 1,
    "UI": false,
    "effect_id": "1000401"
  },
  "10005": {
    "id": 10005,
    "name": "接待室",
    "function_open": "0",
    "tips": "接待室5级",
    "level": 5,
    "cost": "2:100;3:100",
    "level_req": 10,
    "building_req": "0",
    "block_req": 1,
    "UI": false,
    "effect_id": "1000501"
  },
  "10006": {
    "id": 10006,
    "name": "接待室",
    "function_open": "0",
    "tips": "接待室6级",
    "level": 6,
    "cost": "2:100;3:100",
    "level_req": 10,
    "building_req": "0",
    "block_req": 1,
    "UI": false,
    "effect_id": "1000601"
  },
  "10007": {
    "id": 10007,
    "name": "接待室",
    "function_open": "0",
    "tips": "接待室7级",
    "level": 7,
    "cost": "2:100;3:100",
    "level_req": 20,
    "building_req": "0",
    "block_req": 1,
    "UI": false,
    "effect_id": "1000701"
  },
  "10008": {
    "id": 10008,
    "name": "接待室",
    "function_open": "0",
    "tips": "接待室8级",
    "level": 8,
    "cost": "2:100;3:100",
    "level_req": 20,
    "building_req": "0",
    "block_req": 1,
    "UI": false,
    "effect_id": "1000801"
  },
  "10009": {
    "id": 10009,
    "name": "接待室",
    "function_open": "0",
    "tips": "接待室9级",
    "level": 9,
    "cost": "2:100;3:100",
    "level_req": 20,
    "building_req": "0",
    "block_req": 1,
    "UI": false,
    "effect_id": "1000901"
  },
  "10010": {
    "id": 10010,
    "name": "接待室",
    "function_open": "0",
    "tips": "接待室10级",
    "level": 10,
    "cost": "2:100;3:100",
    "level_req": 40,
    "building_req": "0",
    "block_req": 1,
    "UI": false,
    "effect_id": "1001001"
  },
  "10011": {
    "id": 10011,
    "name": "接待室",
    "function_open": "0",
    "tips": "接待室11级",
    "level": 11,
    "cost": "2:100;3:100",
    "level_req": 40,
    "building_req": "0",
    "block_req": 1,
    "UI": false,
    "effect_id": "1001101"
  },
  "10012": {
    "id": 10012,
    "name": "接待室",
    "function_open": "0",
    "tips": "接待室12级",
    "level": 12,
    "cost": "2:100;3:100",
    "level_req": 40,
    "building_req": "0",
    "block_req": 1,
    "UI": false,
    "effect_id": "1001201"
  },
  "10013": {
    "id": 10013,
    "name": "接待室",
    "function_open": "0",
    "tips": "接待室13级",
    "level": 13,
    "cost": "2:100;3:100",
    "level_req": 60,
    "building_req": "0",
    "block_req": 1,
    "UI": false,
    "effect_id": "1001301"
  },
  "10014": {
    "id": 10014,
    "name": "接待室",
    "function_open": "0",
    "tips": "接待室14级",
    "level": 14,
    "cost": "2:100;3:100",
    "level_req": 60,
    "building_req": "0",
    "block_req": 1,
    "UI": false,
    "effect_id": "1001401"
  },
  "10015": {
    "id": 10015,
    "name": "接待室",
    "function_open": "0",
    "tips": "接待室15级",
    "level": 15,
    "cost": "2:100;3:100",
    "level_req": 60,
    "building_req": "0",
    "block_req": 1,
    "UI": false,
    "effect_id": "1001501"
  },
  "10016": {
    "id": 10016,
    "name": "接待室",
    "function_open": "0",
    "tips": "接待室16级",
    "level": 16,
    "cost": "2:100;3:100",
    "level_req": 80,
    "building_req": "0",
    "block_req": 1,
    "UI": false,
    "effect_id": "1001601"
  },
  "10017": {
    "id": 10017,
    "name": "接待室",
    "function_open": "0",
    "tips": "接待室17级",
    "level": 17,
    "cost": "2:100;3:100",
    "level_req": 80,
    "building_req": "0",
    "block_req": 1,
    "UI": false,
    "effect_id": "1001701"
  },
  "10018": {
    "id": 10018,
    "name": "接待室",
    "function_open": "0",
    "tips": "接待室18级",
    "level": 18,
    "cost": "2:100;3:100",
    "level_req": 80,
    "building_req": "0",
    "block_req": 1,
    "UI": false,
    "effect_id": "1001801"
  },
  "10019": {
    "id": 10019,
    "name": "接待室",
    "function_open": "0",
    "tips": "接待室19级",
    "level": 19,
    "cost": "2:100;3:100",
    "level_req": 100,
    "building_req": "0",
    "block_req": 1,
    "UI": false,
    "effect_id": "1001901"
  },
  "10020": {
    "id": 10020,
    "name": "接待室",
    "function_open": "0",
    "tips": "接待室20级",
    "level": 20,
    "cost": "2:100;3:100",
    "level_req": 100,
    "building_req": "0",
    "block_req": 1,
    "UI": false,
    "effect_id": "1002001"
  },
  "11001": {
    "id": 11001,
    "name": "会议室",
    "function_open": "11",
    "tips": "会议室1级",
    "level": 1,
    "cost": "2:100;3:100",
    "level_req": 1,
    "building_req": "0",
    "block_req": 1,
    "UI": true,
    "effect_id": "1100101"
  },
  "11002": {
    "id": 11002,
    "name": "会议室",
    "function_open": "0",
    "tips": "会议室2级",
    "level": 2,
    "cost": "2:100;3:100",
    "level_req": 1,
    "building_req": "0",
    "block_req": 1,
    "UI": false,
    "effect_id": "1100201"
  },
  "11003": {
    "id": 11003,
    "name": "会议室",
    "function_open": "0",
    "tips": "会议室3级",
    "level": 3,
    "cost": "2:100;3:100",
    "level_req": 1,
    "building_req": "0",
    "block_req": 1,
    "UI": false,
    "effect_id": "1100301"
  },
  "11004": {
    "id": 11004,
    "name": "会议室",
    "function_open": "0",
    "tips": "会议室4级",
    "level": 4,
    "cost": "2:100;3:100",
    "level_req": 10,
    "building_req": "0",
    "block_req": 1,
    "UI": false,
    "effect_id": "1100401"
  },
  "11005": {
    "id": 11005,
    "name": "会议室",
    "function_open": "0",
    "tips": "会议室5级",
    "level": 5,
    "cost": "2:100;3:100",
    "level_req": 10,
    "building_req": "0",
    "block_req": 1,
    "UI": false,
    "effect_id": "1100501"
  },
  "11006": {
    "id": 11006,
    "name": "会议室",
    "function_open": "0",
    "tips": "会议室6级",
    "level": 6,
    "cost": "2:100;3:100",
    "level_req": 10,
    "building_req": "0",
    "block_req": 1,
    "UI": false,
    "effect_id": "1100601"
  },
  "11007": {
    "id": 11007,
    "name": "会议室",
    "function_open": "0",
    "tips": "会议室7级",
    "level": 7,
    "cost": "2:100;3:100",
    "level_req": 20,
    "building_req": "0",
    "block_req": 1,
    "UI": false,
    "effect_id": "1100701"
  },
  "11008": {
    "id": 11008,
    "name": "会议室",
    "function_open": "0",
    "tips": "会议室8级",
    "level": 8,
    "cost": "2:100;3:100",
    "level_req": 20,
    "building_req": "0",
    "block_req": 1,
    "UI": false,
    "effect_id": "1100801"
  },
  "11009": {
    "id": 11009,
    "name": "会议室",
    "function_open": "0",
    "tips": "会议室9级",
    "level": 9,
    "cost": "2:100;3:100",
    "level_req": 20,
    "building_req": "0",
    "block_req": 1,
    "UI": false,
    "effect_id": "1100901"
  },
  "11010": {
    "id": 11010,
    "name": "会议室",
    "function_open": "0",
    "tips": "会议室10级",
    "level": 10,
    "cost": "2:100;3:100",
    "level_req": 40,
    "building_req": "0",
    "block_req": 1,
    "UI": false,
    "effect_id": "1101001"
  },
  "11011": {
    "id": 11011,
    "name": "会议室",
    "function_open": "0",
    "tips": "会议室11级",
    "level": 11,
    "cost": "2:100;3:100",
    "level_req": 40,
    "building_req": "0",
    "block_req": 1,
    "UI": false,
    "effect_id": "1101101"
  },
  "11012": {
    "id": 11012,
    "name": "会议室",
    "function_open": "0",
    "tips": "会议室12级",
    "level": 12,
    "cost": "2:100;3:100",
    "level_req": 40,
    "building_req": "0",
    "block_req": 1,
    "UI": false,
    "effect_id": "1101201"
  },
  "11013": {
    "id": 11013,
    "name": "会议室",
    "function_open": "0",
    "tips": "会议室13级",
    "level": 13,
    "cost": "2:100;3:100",
    "level_req": 60,
    "building_req": "0",
    "block_req": 1,
    "UI": false,
    "effect_id": "1101301"
  },
  "11014": {
    "id": 11014,
    "name": "会议室",
    "function_open": "0",
    "tips": "会议室14级",
    "level": 14,
    "cost": "2:100;3:100",
    "level_req": 60,
    "building_req": "0",
    "block_req": 1,
    "UI": false,
    "effect_id": "1101401"
  },
  "11015": {
    "id": 11015,
    "name": "会议室",
    "function_open": "0",
    "tips": "会议室15级",
    "level": 15,
    "cost": "2:100;3:100",
    "level_req": 60,
    "building_req": "0",
    "block_req": 1,
    "UI": false,
    "effect_id": "1101501"
  },
  "11016": {
    "id": 11016,
    "name": "会议室",
    "function_open": "0",
    "tips": "会议室16级",
    "level": 16,
    "cost": "2:100;3:100",
    "level_req": 80,
    "building_req": "0",
    "block_req": 1,
    "UI": false,
    "effect_id": "1101601"
  },
  "11017": {
    "id": 11017,
    "name": "会议室",
    "function_open": "0",
    "tips": "会议室17级",
    "level": 17,
    "cost": "2:100;3:100",
    "level_req": 80,
    "building_req": "0",
    "block_req": 1,
    "UI": false,
    "effect_id": "1101701"
  },
  "11018": {
    "id": 11018,
    "name": "会议室",
    "function_open": "0",
    "tips": "会议室18级",
    "level": 18,
    "cost": "2:100;3:100",
    "level_req": 80,
    "building_req": "0",
    "block_req": 1,
    "UI": false,
    "effect_id": "1101801"
  },
  "11019": {
    "id": 11019,
    "name": "会议室",
    "function_open": "0",
    "tips": "会议室19级",
    "level": 19,
    "cost": "2:100;3:100",
    "level_req": 100,
    "building_req": "0",
    "block_req": 1,
    "UI": false,
    "effect_id": "1101901"
  },
  "11020": {
    "id": 11020,
    "name": "会议室",
    "function_open": "0",
    "tips": "会议室20级",
    "level": 20,
    "cost": "2:100;3:100",
    "level_req": 100,
    "building_req": "0",
    "block_req": 1,
    "UI": false,
    "effect_id": "1102001"
  },
  "12001": {
    "id": 12001,
    "name": "财务部",
    "function_open": "12",
    "tips": "财务部1级",
    "level": 1,
    "cost": "2:100;3:100",
    "level_req": 1,
    "building_req": "0",
    "block_req": 1,
    "UI": true,
    "effect_id": "1200101"
  },
  "12002": {
    "id": 12002,
    "name": "财务部",
    "function_open": "0",
    "tips": "财务部2级",
    "level": 2,
    "cost": "2:100;3:100",
    "level_req": 1,
    "building_req": "0",
    "block_req": 1,
    "UI": false,
    "effect_id": "1200201"
  },
  "12003": {
    "id": 12003,
    "name": "财务部",
    "function_open": "0",
    "tips": "财务部3级",
    "level": 3,
    "cost": "2:100;3:100",
    "level_req": 1,
    "building_req": "0",
    "block_req": 1,
    "UI": false,
    "effect_id": "1200301"
  },
  "12004": {
    "id": 12004,
    "name": "财务部",
    "function_open": "0",
    "tips": "财务部4级",
    "level": 4,
    "cost": "2:100;3:100",
    "level_req": 10,
    "building_req": "0",
    "block_req": 1,
    "UI": false,
    "effect_id": "1200401"
  },
  "12005": {
    "id": 12005,
    "name": "财务部",
    "function_open": "0",
    "tips": "财务部5级",
    "level": 5,
    "cost": "2:100;3:100",
    "level_req": 10,
    "building_req": "0",
    "block_req": 1,
    "UI": false,
    "effect_id": "1200501"
  },
  "12006": {
    "id": 12006,
    "name": "财务部",
    "function_open": "0",
    "tips": "财务部6级",
    "level": 6,
    "cost": "2:100;3:100",
    "level_req": 10,
    "building_req": "0",
    "block_req": 1,
    "UI": false,
    "effect_id": "1200601"
  },
  "12007": {
    "id": 12007,
    "name": "财务部",
    "function_open": "0",
    "tips": "财务部7级",
    "level": 7,
    "cost": "2:100;3:100",
    "level_req": 20,
    "building_req": "0",
    "block_req": 1,
    "UI": false,
    "effect_id": "1200701"
  },
  "12008": {
    "id": 12008,
    "name": "财务部",
    "function_open": "0",
    "tips": "财务部8级",
    "level": 8,
    "cost": "2:100;3:100",
    "level_req": 20,
    "building_req": "0",
    "block_req": 1,
    "UI": false,
    "effect_id": "1200801"
  },
  "12009": {
    "id": 12009,
    "name": "财务部",
    "function_open": "0",
    "tips": "财务部9级",
    "level": 9,
    "cost": "2:100;3:100",
    "level_req": 20,
    "building_req": "0",
    "block_req": 1,
    "UI": false,
    "effect_id": "1200901"
  },
  "12010": {
    "id": 12010,
    "name": "财务部",
    "function_open": "0",
    "tips": "财务部10级",
    "level": 10,
    "cost": "2:100;3:100",
    "level_req": 40,
    "building_req": "0",
    "block_req": 1,
    "UI": false,
    "effect_id": "1201001"
  },
  "12011": {
    "id": 12011,
    "name": "财务部",
    "function_open": "0",
    "tips": "财务部11级",
    "level": 11,
    "cost": "2:100;3:100",
    "level_req": 40,
    "building_req": "0",
    "block_req": 1,
    "UI": false,
    "effect_id": "1201101"
  },
  "12012": {
    "id": 12012,
    "name": "财务部",
    "function_open": "0",
    "tips": "财务部12级",
    "level": 12,
    "cost": "2:100;3:100",
    "level_req": 40,
    "building_req": "0",
    "block_req": 1,
    "UI": false,
    "effect_id": "1201201"
  },
  "12013": {
    "id": 12013,
    "name": "财务部",
    "function_open": "0",
    "tips": "财务部13级",
    "level": 13,
    "cost": "2:100;3:100",
    "level_req": 60,
    "building_req": "0",
    "block_req": 1,
    "UI": false,
    "effect_id": "1201301"
  },
  "12014": {
    "id": 12014,
    "name": "财务部",
    "function_open": "0",
    "tips": "财务部14级",
    "level": 14,
    "cost": "2:100;3:100",
    "level_req": 60,
    "building_req": "0",
    "block_req": 1,
    "UI": false,
    "effect_id": "1201401"
  },
  "12015": {
    "id": 12015,
    "name": "财务部",
    "function_open": "0",
    "tips": "财务部15级",
    "level": 15,
    "cost": "2:100;3:100",
    "level_req": 60,
    "building_req": "0",
    "block_req": 1,
    "UI": false,
    "effect_id": "1201501"
  },
  "12016": {
    "id": 12016,
    "name": "财务部",
    "function_open": "0",
    "tips": "财务部16级",
    "level": 16,
    "cost": "2:100;3:100",
    "level_req": 80,
    "building_req": "0",
    "block_req": 1,
    "UI": false,
    "effect_id": "1201601"
  },
  "12017": {
    "id": 12017,
    "name": "财务部",
    "function_open": "0",
    "tips": "财务部17级",
    "level": 17,
    "cost": "2:100;3:100",
    "level_req": 80,
    "building_req": "0",
    "block_req": 1,
    "UI": false,
    "effect_id": "1201701"
  },
  "12018": {
    "id": 12018,
    "name": "财务部",
    "function_open": "0",
    "tips": "财务部18级",
    "level": 18,
    "cost": "2:100;3:100",
    "level_req": 80,
    "building_req": "0",
    "block_req": 1,
    "UI": false,
    "effect_id": "1201801"
  },
  "12019": {
    "id": 12019,
    "name": "财务部",
    "function_open": "0",
    "tips": "财务部19级",
    "level": 19,
    "cost": "2:100;3:100",
    "level_req": 100,
    "building_req": "0",
    "block_req": 1,
    "UI": false,
    "effect_id": "1201901"
  },
  "12020": {
    "id": 12020,
    "name": "财务部",
    "function_open": "0",
    "tips": "财务部20级",
    "level": 20,
    "cost": "2:100;3:100",
    "level_req": 100,
    "building_req": "0",
    "block_req": 1,
    "UI": false,
    "effect_id": "1202001"
  },
  "13001": {
    "id": 13001,
    "name": "训练室",
    "function_open": "13",
    "tips": "训练室1级",
    "level": 1,
    "cost": "2:100;3:100",
    "level_req": 1,
    "building_req": "0",
    "block_req": 1,
    "UI": true,
    "effect_id": "1300101"
  },
  "13002": {
    "id": 13002,
    "name": "训练室",
    "function_open": "0",
    "tips": "训练室2级",
    "level": 2,
    "cost": "2:100;3:100",
    "level_req": 1,
    "building_req": "0",
    "block_req": 1,
    "UI": false,
    "effect_id": "1300201"
  },
  "13003": {
    "id": 13003,
    "name": "训练室",
    "function_open": "0",
    "tips": "训练室3级",
    "level": 3,
    "cost": "2:100;3:100",
    "level_req": 1,
    "building_req": "0",
    "block_req": 1,
    "UI": false,
    "effect_id": "1300301"
  },
  "13004": {
    "id": 13004,
    "name": "训练室",
    "function_open": "0",
    "tips": "训练室4级",
    "level": 4,
    "cost": "2:100;3:100",
    "level_req": 10,
    "building_req": "0",
    "block_req": 1,
    "UI": false,
    "effect_id": "1300401"
  },
  "13005": {
    "id": 13005,
    "name": "训练室",
    "function_open": "0",
    "tips": "训练室5级",
    "level": 5,
    "cost": "2:100;3:100",
    "level_req": 10,
    "building_req": "0",
    "block_req": 1,
    "UI": false,
    "effect_id": "1300501"
  },
  "13006": {
    "id": 13006,
    "name": "训练室",
    "function_open": "0",
    "tips": "训练室6级",
    "level": 6,
    "cost": "2:100;3:100",
    "level_req": 10,
    "building_req": "0",
    "block_req": 1,
    "UI": false,
    "effect_id": "1300601"
  },
  "13007": {
    "id": 13007,
    "name": "训练室",
    "function_open": "0",
    "tips": "训练室7级",
    "level": 7,
    "cost": "2:100;3:100",
    "level_req": 20,
    "building_req": "0",
    "block_req": 1,
    "UI": false,
    "effect_id": "1300701"
  },
  "13008": {
    "id": 13008,
    "name": "训练室",
    "function_open": "0",
    "tips": "训练室8级",
    "level": 8,
    "cost": "2:100;3:100",
    "level_req": 20,
    "building_req": "0",
    "block_req": 1,
    "UI": false,
    "effect_id": "1300801"
  },
  "13009": {
    "id": 13009,
    "name": "训练室",
    "function_open": "0",
    "tips": "训练室9级",
    "level": 9,
    "cost": "2:100;3:100",
    "level_req": 20,
    "building_req": "0",
    "block_req": 1,
    "UI": false,
    "effect_id": "1300901"
  },
  "13010": {
    "id": 13010,
    "name": "训练室",
    "function_open": "0",
    "tips": "训练室10级",
    "level": 10,
    "cost": "2:100;3:100",
    "level_req": 40,
    "building_req": "0",
    "block_req": 1,
    "UI": false,
    "effect_id": "1301001"
  },
  "13011": {
    "id": 13011,
    "name": "训练室",
    "function_open": "0",
    "tips": "训练室11级",
    "level": 11,
    "cost": "2:100;3:100",
    "level_req": 40,
    "building_req": "0",
    "block_req": 1,
    "UI": false,
    "effect_id": "1301101"
  },
  "13012": {
    "id": 13012,
    "name": "训练室",
    "function_open": "0",
    "tips": "训练室12级",
    "level": 12,
    "cost": "2:100;3:100",
    "level_req": 40,
    "building_req": "0",
    "block_req": 1,
    "UI": false,
    "effect_id": "1301201"
  },
  "13013": {
    "id": 13013,
    "name": "训练室",
    "function_open": "0",
    "tips": "训练室13级",
    "level": 13,
    "cost": "2:100;3:100",
    "level_req": 60,
    "building_req": "0",
    "block_req": 1,
    "UI": false,
    "effect_id": "1301301"
  },
  "13014": {
    "id": 13014,
    "name": "训练室",
    "function_open": "0",
    "tips": "训练室14级",
    "level": 14,
    "cost": "2:100;3:100",
    "level_req": 60,
    "building_req": "0",
    "block_req": 1,
    "UI": false,
    "effect_id": "1301401"
  },
  "13015": {
    "id": 13015,
    "name": "训练室",
    "function_open": "0",
    "tips": "训练室15级",
    "level": 15,
    "cost": "2:100;3:100",
    "level_req": 60,
    "building_req": "0",
    "block_req": 1,
    "UI": false,
    "effect_id": "1301501"
  },
  "13016": {
    "id": 13016,
    "name": "训练室",
    "function_open": "0",
    "tips": "训练室16级",
    "level": 16,
    "cost": "2:100;3:100",
    "level_req": 80,
    "building_req": "0",
    "block_req": 1,
    "UI": false,
    "effect_id": "1301601"
  },
  "13017": {
    "id": 13017,
    "name": "训练室",
    "function_open": "0",
    "tips": "训练室17级",
    "level": 17,
    "cost": "2:100;3:100",
    "level_req": 80,
    "building_req": "0",
    "block_req": 1,
    "UI": false,
    "effect_id": "1301701"
  },
  "13018": {
    "id": 13018,
    "name": "训练室",
    "function_open": "0",
    "tips": "训练室18级",
    "level": 18,
    "cost": "2:100;3:100",
    "level_req": 80,
    "building_req": "0",
    "block_req": 1,
    "UI": false,
    "effect_id": "1301801"
  },
  "13019": {
    "id": 13019,
    "name": "训练室",
    "function_open": "0",
    "tips": "训练室19级",
    "level": 19,
    "cost": "2:100;3:100",
    "level_req": 100,
    "building_req": "0",
    "block_req": 1,
    "UI": false,
    "effect_id": "1301901"
  },
  "13020": {
    "id": 13020,
    "name": "训练室",
    "function_open": "0",
    "tips": "训练室20级",
    "level": 20,
    "cost": "2:100;3:100",
    "level_req": 100,
    "building_req": "0",
    "block_req": 1,
    "UI": false,
    "effect_id": "1302001"
  },
  "14001": {
    "id": 14001,
    "name": "全国商务部",
    "function_open": "14",
    "tips": "全国商务部1级",
    "level": 1,
    "cost": "2:100;3:100",
    "level_req": 1,
    "building_req": "0",
    "block_req": 1,
    "UI": true,
    "effect_id": "1400101"
  },
  "14002": {
    "id": 14002,
    "name": "全国商务部",
    "function_open": "0",
    "tips": "全国商务部2级",
    "level": 2,
    "cost": "2:100;3:100",
    "level_req": 1,
    "building_req": "0",
    "block_req": 1,
    "UI": false,
    "effect_id": "1400201"
  },
  "14003": {
    "id": 14003,
    "name": "全国商务部",
    "function_open": "0",
    "tips": "全国商务部3级",
    "level": 3,
    "cost": "2:100;3:100",
    "level_req": 1,
    "building_req": "0",
    "block_req": 1,
    "UI": false,
    "effect_id": "1400301"
  },
  "14004": {
    "id": 14004,
    "name": "全国商务部",
    "function_open": "0",
    "tips": "全国商务部4级",
    "level": 4,
    "cost": "2:100;3:100",
    "level_req": 10,
    "building_req": "0",
    "block_req": 1,
    "UI": false,
    "effect_id": "1400401"
  },
  "14005": {
    "id": 14005,
    "name": "全国商务部",
    "function_open": "0",
    "tips": "全国商务部5级",
    "level": 5,
    "cost": "2:100;3:100",
    "level_req": 10,
    "building_req": "0",
    "block_req": 1,
    "UI": false,
    "effect_id": "1400501"
  },
  "14006": {
    "id": 14006,
    "name": "全国商务部",
    "function_open": "0",
    "tips": "全国商务部6级",
    "level": 6,
    "cost": "2:100;3:100",
    "level_req": 10,
    "building_req": "0",
    "block_req": 1,
    "UI": false,
    "effect_id": "1400601"
  },
  "14007": {
    "id": 14007,
    "name": "全国商务部",
    "function_open": "0",
    "tips": "全国商务部7级",
    "level": 7,
    "cost": "2:100;3:100",
    "level_req": 20,
    "building_req": "0",
    "block_req": 1,
    "UI": false,
    "effect_id": "1400701"
  },
  "14008": {
    "id": 14008,
    "name": "全国商务部",
    "function_open": "0",
    "tips": "全国商务部8级",
    "level": 8,
    "cost": "2:100;3:100",
    "level_req": 20,
    "building_req": "0",
    "block_req": 1,
    "UI": false,
    "effect_id": "1400801"
  },
  "14009": {
    "id": 14009,
    "name": "全国商务部",
    "function_open": "0",
    "tips": "全国商务部9级",
    "level": 9,
    "cost": "2:100;3:100",
    "level_req": 20,
    "building_req": "0",
    "block_req": 1,
    "UI": false,
    "effect_id": "1400901"
  },
  "14010": {
    "id": 14010,
    "name": "全国商务部",
    "function_open": "0",
    "tips": "全国商务部10级",
    "level": 10,
    "cost": "2:100;3:100",
    "level_req": 40,
    "building_req": "0",
    "block_req": 1,
    "UI": false,
    "effect_id": "1401001"
  },
  "14011": {
    "id": 14011,
    "name": "全国商务部",
    "function_open": "0",
    "tips": "全国商务部11级",
    "level": 11,
    "cost": "2:100;3:100",
    "level_req": 40,
    "building_req": "0",
    "block_req": 1,
    "UI": false,
    "effect_id": "1401101"
  },
  "14012": {
    "id": 14012,
    "name": "全国商务部",
    "function_open": "0",
    "tips": "全国商务部12级",
    "level": 12,
    "cost": "2:100;3:100",
    "level_req": 40,
    "building_req": "0",
    "block_req": 1,
    "UI": false,
    "effect_id": "1401201"
  },
  "14013": {
    "id": 14013,
    "name": "全国商务部",
    "function_open": "0",
    "tips": "全国商务部13级",
    "level": 13,
    "cost": "2:100;3:100",
    "level_req": 60,
    "building_req": "0",
    "block_req": 1,
    "UI": false,
    "effect_id": "1401301"
  },
  "14014": {
    "id": 14014,
    "name": "全国商务部",
    "function_open": "0",
    "tips": "全国商务部14级",
    "level": 14,
    "cost": "2:100;3:100",
    "level_req": 60,
    "building_req": "0",
    "block_req": 1,
    "UI": false,
    "effect_id": "1401401"
  },
  "14015": {
    "id": 14015,
    "name": "全国商务部",
    "function_open": "0",
    "tips": "全国商务部15级",
    "level": 15,
    "cost": "2:100;3:100",
    "level_req": 60,
    "building_req": "0",
    "block_req": 1,
    "UI": false,
    "effect_id": "1401501"
  },
  "14016": {
    "id": 14016,
    "name": "全国商务部",
    "function_open": "0",
    "tips": "全国商务部16级",
    "level": 16,
    "cost": "2:100;3:100",
    "level_req": 80,
    "building_req": "0",
    "block_req": 1,
    "UI": false,
    "effect_id": "1401601"
  },
  "14017": {
    "id": 14017,
    "name": "全国商务部",
    "function_open": "0",
    "tips": "全国商务部17级",
    "level": 17,
    "cost": "2:100;3:100",
    "level_req": 80,
    "building_req": "0",
    "block_req": 1,
    "UI": false,
    "effect_id": "1401701"
  },
  "14018": {
    "id": 14018,
    "name": "全国商务部",
    "function_open": "0",
    "tips": "全国商务部18级",
    "level": 18,
    "cost": "2:100;3:100",
    "level_req": 80,
    "building_req": "0",
    "block_req": 1,
    "UI": false,
    "effect_id": "1401801"
  },
  "14019": {
    "id": 14019,
    "name": "全国商务部",
    "function_open": "0",
    "tips": "全国商务部19级",
    "level": 19,
    "cost": "2:100;3:100",
    "level_req": 100,
    "building_req": "0",
    "block_req": 1,
    "UI": false,
    "effect_id": "1401901"
  },
  "14020": {
    "id": 14020,
    "name": "全国商务部",
    "function_open": "0",
    "tips": "全国商务部20级",
    "level": 20,
    "cost": "2:100;3:100",
    "level_req": 100,
    "building_req": "0",
    "block_req": 1,
    "UI": false,
    "effect_id": "1402001"
  },
  "15001": {
    "id": 15001,
    "name": "环球商务部",
    "function_open": "15",
    "tips": "环球商务部1级",
    "level": 1,
    "cost": "2:100;3:100",
    "level_req": 1,
    "building_req": "0",
    "block_req": 1,
    "UI": true,
    "effect_id": "1500101"
  },
  "15002": {
    "id": 15002,
    "name": "环球商务部",
    "function_open": "0",
    "tips": "环球商务部2级",
    "level": 2,
    "cost": "2:100;3:100",
    "level_req": 1,
    "building_req": "0",
    "block_req": 1,
    "UI": false,
    "effect_id": "1500201"
  },
  "15003": {
    "id": 15003,
    "name": "环球商务部",
    "function_open": "0",
    "tips": "环球商务部3级",
    "level": 3,
    "cost": "2:100;3:100",
    "level_req": 1,
    "building_req": "0",
    "block_req": 1,
    "UI": false,
    "effect_id": "1500301"
  },
  "15004": {
    "id": 15004,
    "name": "环球商务部",
    "function_open": "0",
    "tips": "环球商务部4级",
    "level": 4,
    "cost": "2:100;3:100",
    "level_req": 10,
    "building_req": "0",
    "block_req": 1,
    "UI": false,
    "effect_id": "1500401"
  },
  "15005": {
    "id": 15005,
    "name": "环球商务部",
    "function_open": "0",
    "tips": "环球商务部5级",
    "level": 5,
    "cost": "2:100;3:100",
    "level_req": 10,
    "building_req": "0",
    "block_req": 1,
    "UI": false,
    "effect_id": "1500501"
  },
  "15006": {
    "id": 15006,
    "name": "环球商务部",
    "function_open": "0",
    "tips": "环球商务部6级",
    "level": 6,
    "cost": "2:100;3:100",
    "level_req": 10,
    "building_req": "0",
    "block_req": 1,
    "UI": false,
    "effect_id": "1500601"
  },
  "15007": {
    "id": 15007,
    "name": "环球商务部",
    "function_open": "0",
    "tips": "环球商务部7级",
    "level": 7,
    "cost": "2:100;3:100",
    "level_req": 20,
    "building_req": "0",
    "block_req": 1,
    "UI": false,
    "effect_id": "1500701"
  },
  "15008": {
    "id": 15008,
    "name": "环球商务部",
    "function_open": "0",
    "tips": "环球商务部8级",
    "level": 8,
    "cost": "2:100;3:100",
    "level_req": 20,
    "building_req": "0",
    "block_req": 1,
    "UI": false,
    "effect_id": "1500801"
  },
  "15009": {
    "id": 15009,
    "name": "环球商务部",
    "function_open": "0",
    "tips": "环球商务部9级",
    "level": 9,
    "cost": "2:100;3:100",
    "level_req": 20,
    "building_req": "0",
    "block_req": 1,
    "UI": false,
    "effect_id": "1500901"
  },
  "15010": {
    "id": 15010,
    "name": "环球商务部",
    "function_open": "0",
    "tips": "环球商务部10级",
    "level": 10,
    "cost": "2:100;3:100",
    "level_req": 40,
    "building_req": "0",
    "block_req": 1,
    "UI": false,
    "effect_id": "1501001"
  },
  "15011": {
    "id": 15011,
    "name": "环球商务部",
    "function_open": "0",
    "tips": "环球商务部11级",
    "level": 11,
    "cost": "2:100;3:100",
    "level_req": 40,
    "building_req": "0",
    "block_req": 1,
    "UI": false,
    "effect_id": "1501101"
  },
  "15012": {
    "id": 15012,
    "name": "环球商务部",
    "function_open": "0",
    "tips": "环球商务部12级",
    "level": 12,
    "cost": "2:100;3:100",
    "level_req": 40,
    "building_req": "0",
    "block_req": 1,
    "UI": false,
    "effect_id": "1501201"
  },
  "15013": {
    "id": 15013,
    "name": "环球商务部",
    "function_open": "0",
    "tips": "环球商务部13级",
    "level": 13,
    "cost": "2:100;3:100",
    "level_req": 60,
    "building_req": "0",
    "block_req": 1,
    "UI": false,
    "effect_id": "1501301"
  },
  "15014": {
    "id": 15014,
    "name": "环球商务部",
    "function_open": "0",
    "tips": "环球商务部14级",
    "level": 14,
    "cost": "2:100;3:100",
    "level_req": 60,
    "building_req": "0",
    "block_req": 1,
    "UI": false,
    "effect_id": "1501401"
  },
  "15015": {
    "id": 15015,
    "name": "环球商务部",
    "function_open": "0",
    "tips": "环球商务部15级",
    "level": 15,
    "cost": "2:100;3:100",
    "level_req": 60,
    "building_req": "0",
    "block_req": 1,
    "UI": false,
    "effect_id": "1501501"
  },
  "15016": {
    "id": 15016,
    "name": "环球商务部",
    "function_open": "0",
    "tips": "环球商务部16级",
    "level": 16,
    "cost": "2:100;3:100",
    "level_req": 80,
    "building_req": "0",
    "block_req": 1,
    "UI": false,
    "effect_id": "1501601"
  },
  "15017": {
    "id": 15017,
    "name": "环球商务部",
    "function_open": "0",
    "tips": "环球商务部17级",
    "level": 17,
    "cost": "2:100;3:100",
    "level_req": 80,
    "building_req": "0",
    "block_req": 1,
    "UI": false,
    "effect_id": "1501701"
  },
  "15018": {
    "id": 15018,
    "name": "环球商务部",
    "function_open": "0",
    "tips": "环球商务部18级",
    "level": 18,
    "cost": "2:100;3:100",
    "level_req": 80,
    "building_req": "0",
    "block_req": 1,
    "UI": false,
    "effect_id": "1501801"
  },
  "15019": {
    "id": 15019,
    "name": "环球商务部",
    "function_open": "0",
    "tips": "环球商务部19级",
    "level": 19,
    "cost": "2:100;3:100",
    "level_req": 100,
    "building_req": "0",
    "block_req": 1,
    "UI": false,
    "effect_id": "1501901"
  },
  "15020": {
    "id": 15020,
    "name": "环球商务部",
    "function_open": "0",
    "tips": "环球商务部20级",
    "level": 20,
    "cost": "2:100;3:100",
    "level_req": 100,
    "building_req": "0",
    "block_req": 1,
    "UI": false,
    "effect_id": "1502001"
  },
  "16001": {
    "id": 16001,
    "name": "收藏室",
    "function_open": "16",
    "tips": "收藏室1级",
    "level": 1,
    "cost": "2:100;3:100",
    "level_req": 1,
    "building_req": "0",
    "block_req": 1,
    "UI": true,
    "effect_id": "1600101"
  },
  "16002": {
    "id": 16002,
    "name": "收藏室",
    "function_open": "0",
    "tips": "收藏室2级",
    "level": 2,
    "cost": "2:100;3:100",
    "level_req": 1,
    "building_req": "0",
    "block_req": 1,
    "UI": false,
    "effect_id": "1600201"
  },
  "16003": {
    "id": 16003,
    "name": "收藏室",
    "function_open": "0",
    "tips": "收藏室3级",
    "level": 3,
    "cost": "2:100;3:100",
    "level_req": 1,
    "building_req": "0",
    "block_req": 1,
    "UI": false,
    "effect_id": "1600301"
  },
  "16004": {
    "id": 16004,
    "name": "收藏室",
    "function_open": "0",
    "tips": "收藏室4级",
    "level": 4,
    "cost": "2:100;3:100",
    "level_req": 10,
    "building_req": "0",
    "block_req": 1,
    "UI": false,
    "effect_id": "1600401"
  },
  "16005": {
    "id": 16005,
    "name": "收藏室",
    "function_open": "0",
    "tips": "收藏室5级",
    "level": 5,
    "cost": "2:100;3:100",
    "level_req": 10,
    "building_req": "0",
    "block_req": 1,
    "UI": false,
    "effect_id": "1600501"
  },
  "16006": {
    "id": 16006,
    "name": "收藏室",
    "function_open": "0",
    "tips": "收藏室6级",
    "level": 6,
    "cost": "2:100;3:100",
    "level_req": 10,
    "building_req": "0",
    "block_req": 1,
    "UI": false,
    "effect_id": "1600601"
  },
  "16007": {
    "id": 16007,
    "name": "收藏室",
    "function_open": "0",
    "tips": "收藏室7级",
    "level": 7,
    "cost": "2:100;3:100",
    "level_req": 20,
    "building_req": "0",
    "block_req": 1,
    "UI": false,
    "effect_id": "1600701"
  },
  "16008": {
    "id": 16008,
    "name": "收藏室",
    "function_open": "0",
    "tips": "收藏室8级",
    "level": 8,
    "cost": "2:100;3:100",
    "level_req": 20,
    "building_req": "0",
    "block_req": 1,
    "UI": false,
    "effect_id": "1600801"
  },
  "16009": {
    "id": 16009,
    "name": "收藏室",
    "function_open": "0",
    "tips": "收藏室9级",
    "level": 9,
    "cost": "2:100;3:100",
    "level_req": 20,
    "building_req": "0",
    "block_req": 1,
    "UI": false,
    "effect_id": "1600901"
  },
  "16010": {
    "id": 16010,
    "name": "收藏室",
    "function_open": "0",
    "tips": "收藏室10级",
    "level": 10,
    "cost": "2:100;3:100",
    "level_req": 40,
    "building_req": "0",
    "block_req": 1,
    "UI": false,
    "effect_id": "1601001"
  },
  "16011": {
    "id": 16011,
    "name": "收藏室",
    "function_open": "0",
    "tips": "收藏室11级",
    "level": 11,
    "cost": "2:100;3:100",
    "level_req": 40,
    "building_req": "0",
    "block_req": 1,
    "UI": false,
    "effect_id": "1601101"
  },
  "16012": {
    "id": 16012,
    "name": "收藏室",
    "function_open": "0",
    "tips": "收藏室12级",
    "level": 12,
    "cost": "2:100;3:100",
    "level_req": 40,
    "building_req": "0",
    "block_req": 1,
    "UI": false,
    "effect_id": "1601201"
  },
  "16013": {
    "id": 16013,
    "name": "收藏室",
    "function_open": "0",
    "tips": "收藏室13级",
    "level": 13,
    "cost": "2:100;3:100",
    "level_req": 60,
    "building_req": "0",
    "block_req": 1,
    "UI": false,
    "effect_id": "1601301"
  },
  "16014": {
    "id": 16014,
    "name": "收藏室",
    "function_open": "0",
    "tips": "收藏室14级",
    "level": 14,
    "cost": "2:100;3:100",
    "level_req": 60,
    "building_req": "0",
    "block_req": 1,
    "UI": false,
    "effect_id": "1601401"
  },
  "16015": {
    "id": 16015,
    "name": "收藏室",
    "function_open": "0",
    "tips": "收藏室15级",
    "level": 15,
    "cost": "2:100;3:100",
    "level_req": 60,
    "building_req": "0",
    "block_req": 1,
    "UI": false,
    "effect_id": "1601501"
  },
  "16016": {
    "id": 16016,
    "name": "收藏室",
    "function_open": "0",
    "tips": "收藏室16级",
    "level": 16,
    "cost": "2:100;3:100",
    "level_req": 80,
    "building_req": "0",
    "block_req": 1,
    "UI": false,
    "effect_id": "1601601"
  },
  "16017": {
    "id": 16017,
    "name": "收藏室",
    "function_open": "0",
    "tips": "收藏室17级",
    "level": 17,
    "cost": "2:100;3:100",
    "level_req": 80,
    "building_req": "0",
    "block_req": 1,
    "UI": false,
    "effect_id": "1601701"
  },
  "16018": {
    "id": 16018,
    "name": "收藏室",
    "function_open": "0",
    "tips": "收藏室18级",
    "level": 18,
    "cost": "2:100;3:100",
    "level_req": 80,
    "building_req": "0",
    "block_req": 1,
    "UI": false,
    "effect_id": "1601801"
  },
  "16019": {
    "id": 16019,
    "name": "收藏室",
    "function_open": "0",
    "tips": "收藏室19级",
    "level": 19,
    "cost": "2:100;3:100",
    "level_req": 100,
    "building_req": "0",
    "block_req": 1,
    "UI": false,
    "effect_id": "1601901"
  },
  "16020": {
    "id": 16020,
    "name": "收藏室",
    "function_open": "0",
    "tips": "收藏室20级",
    "level": 20,
    "cost": "2:100;3:100",
    "level_req": 100,
    "building_req": "0",
    "block_req": 1,
    "UI": false,
    "effect_id": "1602001"
  }
}