<?xml version="1.0" encoding="utf-8"?>
<component size="100,19" extention="ComboBox">
  <controller name="button" pages="0,up,1,down,2,over,3,selectedOver,4,disabled,5,selectedDisabled" selected="0"/>
  <displayList>
    <image id="n1" name="n1" src="jmopb" xy="0,0" size="101,20">
      <gearDisplay controller="button" pages="0"/>
      <relation target="" sidePair="width-width,height-height"/>
    </image>
    <image id="n2" name="n2" src="jmopc" xy="0,0" size="101,20">
      <gearDisplay controller="button" pages="1,3"/>
      <relation target="" sidePair="width-width,height-height"/>
    </image>
    <image id="n3" name="n3" src="jmopd" xy="0,0" size="101,20">
      <gearDisplay controller="button" pages="2"/>
      <relation target="" sidePair="width-width,height-height"/>
    </image>
    <image id="n5" name="n5" src="jmope" xy="0,0" size="101,19">
      <gearDisplay controller="button" pages="4,5"/>
      <relation target="" sidePair="width-width,height-height"/>
    </image>
    <text id="n4" name="title" xy="2,1" size="78,17" fontSize="12" color="#bdbdbd" vAlign="middle" autoSize="none" singleLine="true" text="">
      <relation target="" sidePair="width-width,height-height"/>
      <gearColor controller="button" pages="4,5" values="#787b7b|#787b7b" default="#bdbdbd"/>
    </text>
  </displayList>
  <ComboBox dropdown="ui://s1uxc7tgjmopf"/>
</component>