<?xml version="1.0" encoding="utf-8"?>
<component size="88,20" extention="Button">
  <controller name="button" pages="0,up,1,down,2,over,3,selectedOver" selected="0"/>
  <controller name="c1" pages="0,,1," selected="0"/>
  <displayList>
    <image id="n0" name="n0" src="jmop13" xy="0,0" size="88,20">
      <gearDisplay controller="button" pages="2"/>
      <relation target="" sidePair="height-height,width-width"/>
    </image>
    <image id="n1" name="n1" src="jmop14" xy="0,0" size="88,20">
      <gearDisplay controller="button" pages="1,3"/>
      <relation target="" sidePair="height-height,width-width"/>
    </image>
    <text id="n2" name="title" xy="50,2" size="37,16" fontSize="12" color="#bdbdbd" autoSize="none" singleLine="true" text="">
      <gearDisplay controller="c1" pages="0"/>
      <gearColor controller="button" pages="0,1,2,3" values="#bdbdbd,#000000|#ffffff,#000000|#bdbdbd,#000000|#ffffff,#000000" default="#bdbdbd,#000000"/>
      <relation target="" sidePair="width-width"/>
      <relation target="n6" sidePair="left-right"/>
    </text>
    <graph id="n3" name="indent" xy="0,0" size="16,20"/>
    <loader id="n6" name="icon" xy="30,0" size="20,20" align="center" vAlign="middle">
      <relation target="n3" sidePair="left-right"/>
    </loader>
    <image id="n8" name="n8" src="jmops" xy="50,0" size="38,20" group="n9">
      <relation target="" sidePair="width-width"/>
      <relation target="n6" sidePair="leftext-right"/>
    </image>
    <text id="n7" name="input" xy="51,1" size="36,18" group="n9" input="true" fontSize="12" color="#bdbdbd" autoSize="none" singleLine="true" text="">
      <relation target="" sidePair="width-width"/>
      <relation target="n6" sidePair="leftext-right"/>
    </text>
    <group id="n9" name="n9" xy="50,0" size="38,20" advanced="true">
      <gearDisplay controller="c1" pages="1"/>
    </group>
    <component id="n10" name="expandButton" src="jmop3d" xy="15,2">
      <relation target="n3" sidePair="left-right"/>
    </component>
    <loader id="n11_r74d" name="sign" xy="42,12" size="10,10">
      <relation target="n6" sidePair="left-left,top-top"/>
    </loader>
  </displayList>
  <Button mode="Radio"/>
</component>