<?xml version="1.0" encoding="utf-8"?>
<component size="15,15" extention="Button">
  <controller name="button" pages="0,up,1,down,2,over,3,selectedOver" selected="0"/>
  <displayList>
    <image id="n1" name="n1" src="jmop2b" xy="5,2" aspect="true">
      <gearDisplay controller="button" pages="0,2"/>
    </image>
    <image id="n2" name="n2" src="jmop2f" xy="3,5" aspect="true">
      <gearDisplay controller="button" pages="1,3"/>
    </image>
  </displayList>
  <Button mode="Check"/>
</component>